Benchmark,Result,Status,Time
1567523038586707.matrix,CONSTANT,OK,0.6879799119999461
1567523038589882.matrix,NON-CONSTANT,OK,2.0470409939999854
1567523038680556.matrix,NON-CONSTANT,OK,0.39920874599999934
1567523038680729.matrix,CONSTANT,OK,0.49607857000000877
1567523038899378.matrix,NON-CONSTANT,OK,0.43057066500000474
1567523038984754.matrix,NON-CONSTANT,OK,0.40480735999994977
1567523039293866.matrix,NON-CONSTANT,OK,0.5987816890000204
1567523039294139.matrix,NON-CONSTANT,OK,0.6564577809999719
1567523039294457.matrix,NON-CONSTANT,OK,1.0501552030000312
1567523039294787.matrix,NON-CONSTANT,OK,0.95314058200006
1567523039295808.matrix,NON-CONSTANT,OK,0.45993810300001314
1567523039547229.matrix,NON-CONSTANT,OK,0.38026614299997163
1567523039996898.matrix,NON-CONSTANT,OK,0.49254352000002655
1567523039997637.matrix,NON-CONSTANT,OK,0.4108373630000415
1567523039998984.matrix,NON-CONSTANT,OK,1.1259239900000466
1567523039999284.matrix,NON-CONSTANT,OK,1.6465254009999626
1567523040133374.matrix,NON-CONSTANT,OK,0.38737480899999355
1567523040204369.matrix,NON-CONSTANT,OK,0.5812103869999419
1567523040934515.matrix,NON-CONSTANT,OK,1.7287220810000008
1567523040935760.matrix,NON-CONSTANT,OK,1.067287575000023
1567523040936383.matrix,NON-CONSTANT,OK,2.6597821269999713
1567523040939713.matrix,NON-CONSTANT,OK,0.5655630479999445
1567523041115998.matrix,NON-CONSTANT,OK,0.5020407069999919
1567523041448786.matrix,NON-CONSTANT,OK,1.0373498190000419
1567523041450151.matrix,NON-CONSTANT,OK,1.133048805000044
1567523041596393.matrix,NON-CONSTANT,OK,0.5373550150000028
1567523041856013.matrix,NON-CONSTANT,OK,0.8474684629999274
1567523041856625.matrix,NON-CONSTANT,OK,0.5418489180000279
1567523042576186.matrix,NON-CONSTANT,OK,2.6450322189999724
1567523042582160.matrix,NON-CONSTANT,OK,0.5927909149999095
1567523042649804.matrix,NON-CONSTANT,OK,0.4018443730000172
1567523042753638.matrix,NON-CONSTANT,OK,6.909330133000026
1567523045068963.matrix,NON-CONSTANT,OK,0.733613699999978
1567523045069463.matrix,NON-CONSTANT,OK,0.6043274159999328
1567523045073607.matrix,NON-CONSTANT,OK,0.4331968159999633
1567523045074065.matrix,NON-CONSTANT,OK,0.44391869000003226
1567523045074528.matrix,NON-CONSTANT,OK,0.44175166899992746
1567523045624274.matrix,NON-CONSTANT,OK,0.8802083869999251
1567523045624891.matrix,NON-CONSTANT,OK,1.0573250950000102
1567523045625279.matrix,NON-CONSTANT,OK,0.4325873379999621
1567523045625507.matrix,NON-CONSTANT,OK,0.4601194519999581
1567523045796666.matrix,NON-CONSTANT,OK,0.43300217499995597
1567523046073955.matrix,CONSTANT,OK,0.49058165500002815
1567523046074128.matrix,NON-CONSTANT,OK,0.40277175799997167
1567523046427060.matrix,NON-CONSTANT,OK,1.541851166000015
1567523046427476.matrix,NON-CONSTANT,OK,1.4871990219999134
1567523046427824.matrix,NON-CONSTANT,OK,1.385900830999958
1567523046428169.matrix,NON-CONSTANT,OK,1.690124047999916
1567523046541129.matrix,NON-CONSTANT,OK,0.5336877209999784
1567523046541392.matrix,NON-CONSTANT,OK,0.5309837019999577
1567523047079106.matrix,NON-CONSTANT,OK,0.7618826620000618
1567523047079646.matrix,NON-CONSTANT,OK,0.6884122010000056
1567523047080157.matrix,NON-CONSTANT,OK,2.6926144800000884
1567523047080717.matrix,NON-CONSTANT,OK,1.7442480810000234
1567523047081304.matrix,NON-CONSTANT,OK,2.9189438920000157
1567523047081919.matrix,NON-CONSTANT,OK,2.7196563769999784
1567523047082497.matrix,NON-CONSTANT,OK,0.6118554180000046
1567523047083010.matrix,NON-CONSTANT,OK,0.5214929810000513
1567523047083476.matrix,NON-CONSTANT,OK,0.5601812249999512
1567523047238661.matrix,NON-CONSTANT,OK,0.4092694880000636
1567523047306086.matrix,NON-CONSTANT,OK,0.40000567300000966
1567523047527383.matrix,NON-CONSTANT,OK,15.844986916999915
1567523047651482.matrix,NON-CONSTANT,OK,0.4792533160000403
1567523047651740.matrix,NON-CONSTANT,OK,0.8181238779999376
1567523048439555.matrix,NON-CONSTANT,OK,0.5674461219999785
1567523048440455.matrix,NON-CONSTANT,OK,0.9410578749999559
1567523048440910.matrix,NON-CONSTANT,OK,0.811381855000036
1567523049352613.matrix,NON-CONSTANT,OK,0.47964312900001005
1567523049352885.matrix,NON-CONSTANT,OK,0.7701533990000371
1567523049353142.matrix,NON-CONSTANT,OK,0.5995152090000602
1567523049353399.matrix,NON-CONSTANT,OK,0.9468658470000264
1567523049353611.matrix,NON-CONSTANT,OK,0.389856047999956
1567523049454870.matrix,NON-CONSTANT,OK,0.3733639189999849
1567523049769992.matrix,NON-CONSTANT,OK,0.5506481590000476
1567523049770235.matrix,NON-CONSTANT,OK,0.5748308709999037
1567523050234875.matrix,NON-CONSTANT,OK,0.40361546399992676
1567523050435332.matrix,NON-CONSTANT,OK,0.9277210779999905
1567523050435922.matrix,NON-CONSTANT,OK,0.7518633259999206
1567523053190363.matrix,NON-CONSTANT,OK,1.2347206530000676
1567523053192708.matrix,NON-CONSTANT,OK,1.151533458999893
1567523053197585.matrix,NON-CONSTANT,OK,1.2282828669999617
1567523053198726.matrix,NON-CONSTANT,OK,1.147460582000008
1567523053222711.matrix,NON-CONSTANT,OK,15.85883870400005
1567523053453240.matrix,NON-CONSTANT,OK,1.02347445099997
1567523053453552.matrix,NON-CONSTANT,OK,1.3988241370000196
1567523053453898.matrix,NON-CONSTANT,OK,1.658420074999981
1567523053454285.matrix,NON-CONSTANT,OK,1.5807907999999316
1567523054474097.matrix,NON-CONSTANT,OK,1.039089047999937
1567523054775314.matrix,NON-CONSTANT,OK,0.5646767450000425
1567523054775617.matrix,NON-CONSTANT,OK,0.4920755939999708
1567523054899182.matrix,NON-CONSTANT,OK,0.3779491909999706
1567523054899426.matrix,NON-CONSTANT,OK,0.3916021180000371
1567523055102850.matrix,NON-CONSTANT,OK,9.772912320999922
1567523055242391.matrix,NON-CONSTANT,OK,0.37856416699992224
1567523055516755.matrix,CONSTANT,OK,0.4861420930000122
1567523056288019.matrix,NON-CONSTANT,OK,1.8743678049999062
1567523056295077.matrix,NON-CONSTANT,OK,0.5594843239999818
1567523056421547.matrix,NON-CONSTANT,OK,0.5806710940000812
1567523056612154.matrix,NON-CONSTANT,OK,0.4020954119999942
1567523056818146.matrix,NON-CONSTANT,OK,0.4078341670000327
1567523057019783.matrix,NON-CONSTANT,OK,15.181278098999996
1567523057161049.matrix,NON-CONSTANT,OK,0.4105058559999861
1567523057762563.matrix,NON-CONSTANT,OK,2.173221253000065
1567523057766115.matrix,NON-CONSTANT,OK,0.5615843720000839
1567523067811781.matrix,NON-CONSTANT,OK,2.1304170879999447
1567523067816962.matrix,NON-CONSTANT,OK,0.5010277950000273
1567523067821778.matrix,NON-CONSTANT,OK,0.9302381069999228
1567523067853496.matrix,NON-CONSTANT,OK,2.5547808239999767
1567523067855291.matrix,NON-CONSTANT,OK,3.0228251969999747
1567523067857083.matrix,NON-CONSTANT,OK,2.72867949099998
1567523067858843.matrix,NON-CONSTANT,OK,1.2360306690000016
1567523068216419.matrix,NON-CONSTANT,OK,0.4063311849999991
1567523068374760.matrix,NON-CONSTANT,OK,13.555096394999964
1567523068679749.matrix,NON-CONSTANT,OK,0.5817437460000292
1567523068680165.matrix,NON-CONSTANT,OK,0.5258889709999721
1567523068681718.matrix,NON-CONSTANT,OK,1.0261463870000398
1567523068682036.matrix,NON-CONSTANT,OK,0.788443455000106
1567523068682397.matrix,NON-CONSTANT,OK,1.0917821670000194
1567523068682776.matrix,NON-CONSTANT,OK,1.1534031220000998
1567523068840612.matrix,CONSTANT,OK,0.44403151999995316
1567523068840767.matrix,CONSTANT,OK,0.4681238250000206
1567523068841048.matrix,NON-CONSTANT,OK,0.3726728629999343
1567523068907751.matrix,NON-CONSTANT,OK,0.39178849099994295
1567523069116360.matrix,NON-CONSTANT,OK,8.442063090999909
1567523071535967.matrix,NON-CONSTANT,OK,15.71921754799996
1567523071539539.matrix,NON-CONSTANT,OK,15.653891348000116
1567523071547049.matrix,NON-CONSTANT,OK,4.9461623589998
1567523071550813.matrix,NON-CONSTANT,OK,4.937860459999911
1567523071556770.matrix,NON-CONSTANT,OK,2.600732391000065
1567523071560602.matrix,NON-CONSTANT,OK,2.422385257000087
1567523071566957.matrix,NON-CONSTANT,OK,3.051930736000031
1567523071571102.matrix,NON-CONSTANT,OK,2.9039724469998873
1567523071572895.matrix,NON-CONSTANT,OK,5.951855427000055
1567523071575252.matrix,NON-CONSTANT,OK,27.44422195700008
1567523071768107.matrix,NON-CONSTANT,OK,0.41476753900019503
1567523071768328.matrix,NON-CONSTANT,OK,0.4505808219998926
1567523072168443.matrix,NON-CONSTANT,OK,0.5617443830001321
1567523072469597.matrix,NON-CONSTANT,OK,0.5462186720001228
1567523072469989.matrix,NON-CONSTANT,OK,0.5511809160000212
1567523072470701.matrix,NON-CONSTANT,OK,0.5343725660000018
1567523072471750.matrix,NON-CONSTANT,OK,0.5807338569998137
1567523072472089.matrix,NON-CONSTANT,OK,0.5737992110000505
1567523072472479.matrix,NON-CONSTANT,OK,0.7469264020000992
1567523072472887.matrix,NON-CONSTANT,OK,0.8118629780001356
1567523072938784.matrix,NON-CONSTANT,OK,0.41948851899996953
1567523073135966.matrix,NON-CONSTANT,OK,8.089558073000035
1567523073399244.matrix,NON-CONSTANT,OK,0.4846373320001476
1567523074209430.matrix,NON-CONSTANT,OK,1.7499595490000956
1567523076753075.matrix,NON-CONSTANT,OK,1.221763914000121
1567523076755423.matrix,NON-CONSTANT,OK,1.164564437999843
1567523076760276.matrix,NON-CONSTANT,OK,1.244083006999972
1567523076761424.matrix,NON-CONSTANT,OK,1.1564341380001224
1567523076784534.matrix,NON-CONSTANT,OK,12.24523780200002
1567523077009012.matrix,NON-CONSTANT,OK,0.37719975000004524
1567523077009166.matrix,NON-CONSTANT,OK,0.43333338399997956
1567523082209422.matrix,NON-CONSTANT,OK,0.3966737389998798
1567523082212423.matrix,NON-CONSTANT,OK,0.46580890799987174
1567523082212604.matrix,NON-CONSTANT,OK,0.43714792399987346
1567523084823510.matrix,NON-CONSTANT,OK,0.9989980299999388
1567523084824191.matrix,NON-CONSTANT,OK,1.1065309109999362
1567523084824869.matrix,NON-CONSTANT,OK,0.9455498249999437
1567523084834298.matrix,NON-CONSTANT,OK,0.7436649609999222
1567523085076362.matrix,NON-CONSTANT,OK,0.40566612899988286
1567523085896576.matrix,NON-CONSTANT,OK,0.40106409999998505
1567523085962288.matrix,NON-CONSTANT,OK,0.3906478409999181
1567523086082307.matrix,NON-CONSTANT,OK,0.49214702700010093
1567523087179527.matrix,NON-CONSTANT,OK,0.4037620330000209
1567523087179991.matrix,NON-CONSTANT,OK,0.7160650359999181
1567523087180414.matrix,NON-CONSTANT,OK,0.7149595910000244
1567523087180786.matrix,NON-CONSTANT,OK,0.6065810630000215
1567523087181212.matrix,NON-CONSTANT,OK,2.304666129999987
1567523087181695.matrix,NON-CONSTANT,OK,2.136799521000057
1567523087182169.matrix,NON-CONSTANT,OK,2.364866541999845
1567523087182644.matrix,NON-CONSTANT,OK,1.6648520690000623
1567523087183080.matrix,NON-CONSTANT,OK,0.5232532979998723
1567523087607124.matrix,CONSTANT,OK,0.44947808500000974
1567523087607349.matrix,CONSTANT,OK,0.452082216000008
1567523087813010.matrix,NON-CONSTANT,OK,16.005379031000075
1567523087972483.matrix,NON-CONSTANT,OK,15.956875276000119
1567523088241726.matrix,NON-CONSTANT,OK,0.43793415000004643
1567523088430205.matrix,NON-CONSTANT,OK,0.4324813529999574
1567523088430460.matrix,NON-CONSTANT,OK,0.38307401700012633
1567523088565137.matrix,NON-CONSTANT,OK,0.5350667600000634
1567523088565389.matrix,CONSTANT,OK,1.5487332600000627
1567523088565563.matrix,CONSTANT,OK,0.7903835309998613
1567523088565721.matrix,NON-CONSTANT,OK,0.614519330000121
1567523088747176.matrix,NON-CONSTANT,OK,0.6806846160000077
1567523089299642.matrix,NON-CONSTANT,OK,2.3433365789999243
1567523089303253.matrix,NON-CONSTANT,OK,0.5497368890000871
1567523089406655.matrix,CONSTANT,OK,0.5488896810002188
1567523089406794.matrix,NON-CONSTANT,OK,0.3990715539998746
1567523092150640.matrix,NON-CONSTANT,OK,1.8507417799999075
1567523092153443.matrix,NON-CONSTANT,OK,1.7082478939998964
1567523092159221.matrix,NON-CONSTANT,OK,1.8590485150000404
1567523092160589.matrix,NON-CONSTANT,OK,1.7148694120000982
1567523092188808.matrix,NON-CONSTANT,OK,19.48864905900018
1567523092316598.matrix,NON-CONSTANT,OK,0.3943321990000186
1567523092387194.matrix,NON-CONSTANT,OK,0.5435610289998749
1567523092641064.matrix,NON-CONSTANT,OK,0.43499205200009783
1567523092641383.matrix,NON-CONSTANT,OK,0.5467746679998982
1567523092641605.matrix,NON-CONSTANT,OK,0.6104699390000405
1567523092641831.matrix,NON-CONSTANT,OK,0.4780449609997959
1567523092642066.matrix,NON-CONSTANT,OK,0.6359639279999101
1567523092642287.matrix,NON-CONSTANT,OK,0.43457437000006394
1567523093287792.matrix,NON-CONSTANT,OK,0.4709699750001164
1567523093288055.matrix,CONSTANT,OK,0.5320875350000733
1567523093453481.matrix,NON-CONSTANT,OK,0.6748405989999355
1567523096108401.matrix,NON-CONSTANT,OK,5.722359035999943
1567523096112095.matrix,NON-CONSTANT,OK,7.240939629999957
1567523096113567.matrix,NON-CONSTANT,OK,4.471486266999818
1567523096114791.matrix,NON-CONSTANT,OK,4.0350976890001675
1567523096126347.matrix,NON-CONSTANT,OK,5.458782028999849
1567523096130532.matrix,NON-CONSTANT,OK,5.618491561999917
1567523096136457.matrix,NON-CONSTANT,OK,2.5347828470000877
1567523096140207.matrix,NON-CONSTANT,OK,2.323139109000067
1567523096141723.matrix,NON-CONSTANT,OK,10.920373521000101
1567523096143045.matrix,NON-CONSTANT,OK,15.424036189000162
1567523096144341.matrix,NON-CONSTANT,OK,14.090109035000069
1567523096145639.matrix,NON-CONSTANT,OK,19.649683992000064
1567523096146936.matrix,NON-CONSTANT,OK,13.161864222000077
1567523096148234.matrix,NON-CONSTANT,OK,13.354780656999992
1567523096149831.matrix,NON-CONSTANT,OK,9.197301072000073
1567523096153243.matrix,NON-CONSTANT,OK,21.082948330000136
1567523096400359.matrix,NON-CONSTANT,OK,0.4664723169998979
1567523096400632.matrix,NON-CONSTANT,OK,0.5085065979999399
1567523096400851.matrix,NON-CONSTANT,OK,0.4751818050001475
1567523096536170.matrix,NON-CONSTANT,OK,0.4349687690000792
1567523097052996.matrix,NON-CONSTANT,OK,2.6123632559999805
1567523097055477.matrix,NON-CONSTANT,OK,2.5538172430001396
1567523097059874.matrix,NON-CONSTANT,OK,1.68782119399998
1567523097060862.matrix,NON-CONSTANT,OK,1.578348252000069
1567523097062422.matrix,NON-CONSTANT,OK,20.690017816999898
1567523099786935.matrix,NON-CONSTANT,OK,1.23833664100016
1567523099789288.matrix,NON-CONSTANT,OK,1.1507033919999685
1567523099794127.matrix,NON-CONSTANT,OK,1.24945394700012
1567523099795307.matrix,NON-CONSTANT,OK,1.1757212009999876
1567523099819440.matrix,NON-CONSTANT,OK,15.541516207000086
1567523100171503.matrix,NON-CONSTANT,OK,1.6864229039999827
1567523100172400.matrix,NON-CONSTANT,OK,1.2182093570002053
1567523100173240.matrix,NON-CONSTANT,OK,1.5565684079999755
1567523100174078.matrix,NON-CONSTANT,OK,1.2379202959998565
1567523100175364.matrix,NON-CONSTANT,OK,11.269508759000018
1567523100478314.matrix,NON-CONSTANT,OK,0.39109001299993906
1567523100478582.matrix,NON-CONSTANT,OK,0.38044438199995056
1567523100478773.matrix,NON-CONSTANT,OK,0.38322398799982693
1567523100478953.matrix,CONSTANT,OK,0.601097856000024
1567523100728576.matrix,NON-CONSTANT,OK,0.3662953330001528
1567523101013127.matrix,NON-CONSTANT,OK,7.268473771000117
1567523101083505.matrix,NON-CONSTANT,OK,0.40837698900008945
1567523101437411.matrix,NON-CONSTANT,OK,0.3804813409999497
1567523101856515.matrix,NON-CONSTANT,OK,0.5012141600000177
1567523102198966.matrix,NON-CONSTANT,OK,0.39560089199994763
1567523102286227.matrix,NON-CONSTANT,OK,0.3615622100001019
1567523102286459.matrix,NON-CONSTANT,OK,0.54833032800002
1567523103329355.matrix,NON-CONSTANT,OK,0.6309789510000883
1567523103329630.matrix,NON-CONSTANT,OK,0.5432543659999283
1567523103329858.matrix,NON-CONSTANT,OK,0.5116583999999875
1567523103330516.matrix,NON-CONSTANT,OK,0.5108392129998265
1567523103330757.matrix,NON-CONSTANT,OK,0.5486519829998997
1567523103331220.matrix,NON-CONSTANT,OK,0.5380320730000676
1567523103437050.matrix,CONSTANT,OK,0.5367303090001769
1567523103678594.matrix,NON-CONSTANT,OK,0.399223948999861
1567523103678869.matrix,NON-CONSTANT,OK,0.5064813109997885
1567523103679079.matrix,NON-CONSTANT,OK,0.41299148000007335
1567523103799136.matrix,NON-CONSTANT,OK,0.3992608979999659
1567523103799382.matrix,NON-CONSTANT,OK,0.38288086700003987
1567523103865940.matrix,NON-CONSTANT,OK,0.43569785899990165
1567523103950660.matrix,NON-CONSTANT,OK,0.4615072760000203
1567523103950932.matrix,NON-CONSTANT,OK,0.5331403850000243
1567523104607377.matrix,NON-CONSTANT,OK,0.47652230099993176
1567523104607677.matrix,NON-CONSTANT,OK,0.9294213670000318
1567523104607920.matrix,NON-CONSTANT,OK,0.8292512979999174
1567523104794941.matrix,NON-CONSTANT,OK,0.3942163700000947
1567523104868513.matrix,NON-CONSTANT,OK,0.5710937290000402
1567523105406133.matrix,NON-CONSTANT,OK,0.3845237350001298
1567523105406394.matrix,NON-CONSTANT,OK,0.38499666399980015
1567523105535205.matrix,CONSTANT,OK,0.5189217890001601
1567523105535418.matrix,CONSTANT,OK,0.5268573840000954
1567523105708257.matrix,NON-CONSTANT,OK,0.41883007100000214
1567523105973766.matrix,NON-CONSTANT,OK,3.4649063199999546
1567523106202758.matrix,NON-CONSTANT,OK,0.49445160100003704
1567523106358926.matrix,NON-CONSTANT,OK,0.5940209860000323
1567523106359137.matrix,NON-CONSTANT,OK,0.49869173799993405
1567523106563332.matrix,NON-CONSTANT,OK,13.768720850999898
1567523106888559.matrix,NON-CONSTANT,OK,0.5072008290001122
1567523106888832.matrix,NON-CONSTANT,OK,0.5097530670000197
1567523106889080.matrix,NON-CONSTANT,OK,0.509301743000151
1567523106889336.matrix,NON-CONSTANT,OK,0.4703146720000859
1567523107181077.matrix,NON-CONSTANT,OK,0.3834849800000484
1567523107181225.matrix,NON-CONSTANT,OK,0.42659032400001706
1567523107340673.matrix,CONSTANT,OK,0.49111850400004187
1567523108150015.matrix,NON-CONSTANT,OK,0.3927295259998118
1567523108836364.matrix,NON-CONSTANT,OK,0.48058846599997196
1567523108842890.matrix,NON-CONSTANT,OK,0.4456883640000342
1567523108843188.matrix,NON-CONSTANT,OK,1.0368443600000319
1567523108843525.matrix,NON-CONSTANT,OK,0.7992326610001328
1567523108843882.matrix,NON-CONSTANT,OK,0.8018454349999047
1567523109153570.matrix,NON-CONSTANT,OK,0.3705572569999731
1567523109421350.matrix,NON-CONSTANT,OK,15.379689216000088
1567523109493857.matrix,NON-CONSTANT,OK,0.8841447770000741
1567523109650698.matrix,NON-CONSTANT,OK,0.3876561330000641
1567523109651155.matrix,NON-CONSTANT,OK,0.8503056770000512
1567523110137323.matrix,NON-CONSTANT,OK,2.193784714000003
1567523110141011.matrix,NON-CONSTANT,OK,0.5624524379998093
1567523111843867.matrix,NON-CONSTANT,OK,0.6766231310000421
1567523111844143.matrix,NON-CONSTANT,OK,0.7219539070001701
1567523111844461.matrix,NON-CONSTANT,OK,1.022046532000104
1567523111844795.matrix,NON-CONSTANT,OK,1.0134621619999962
1567523111845373.matrix,NON-CONSTANT,OK,0.44213463500000216
1567523112109177.matrix,NON-CONSTANT,OK,0.39644088899990493
1567523112109368.matrix,CONSTANT,OK,0.4919017970000823
1567523112179055.matrix,CONSTANT,OK,0.8713907350002046
1567523112266188.matrix,NON-CONSTANT,OK,0.4178155820000029
1567523112266412.matrix,NON-CONSTANT,OK,0.4213013599999158
1567523112480804.matrix,NON-CONSTANT,OK,0.41762438699993254
1567523112680320.matrix,CONSTANT,OK,0.5059183939999912
1567523112680504.matrix,CONSTANT,OK,0.4747422350001216
1567523112680679.matrix,NON-CONSTANT,OK,0.3847552959998666
1567523112955944.matrix,NON-CONSTANT,OK,0.4822449900000265
1567523112956430.matrix,NON-CONSTANT,OK,0.521128851000185
1567523112956667.matrix,NON-CONSTANT,OK,0.5243704450001587
1567523113080014.matrix,NON-CONSTANT,OK,0.4723872480001319
1567523117928847.matrix,NON-CONSTANT,OK,0.5031826969998292
1567523117929051.matrix,NON-CONSTANT,OK,0.5464564500000506
1567523117929429.matrix,NON-CONSTANT,OK,0.3849249709999185
1567523118085781.matrix,NON-CONSTANT,OK,0.5520369129999381
1567523118086065.matrix,NON-CONSTANT,OK,0.6342336800000794
1567523118086288.matrix,NON-CONSTANT,OK,0.7578249999999116
1567523118310982.matrix,NON-CONSTANT,OK,0.4153351049999401
1567523118311509.matrix,NON-CONSTANT,OK,1.9295420580001519
1567523118579411.matrix,NON-CONSTANT,OK,0.6927954440000121
1567523118579818.matrix,NON-CONSTANT,OK,0.46328934799998933
1567523121715053.matrix,NON-CONSTANT,OK,0.41230220500006
1567523122606819.matrix,NON-CONSTANT,OK,1.906740975000048
1567523122613209.matrix,NON-CONSTANT,OK,0.5607439939999495
1567523124122690.matrix,NON-CONSTANT,OK,0.496355560999973
1567523124123002.matrix,NON-CONSTANT,OK,1.305788191999909
1567523124310741.matrix,NON-CONSTANT,OK,0.3766728860000512
1567523124818657.matrix,NON-CONSTANT,OK,2.7448533269998734
1567523124822327.matrix,NON-CONSTANT,OK,0.553946981999843
1567523124928478.matrix,CONSTANT,OK,0.4991125789999842
1567523125039855.matrix,NON-CONSTANT,OK,0.38225365600010264
1567523125127124.matrix,CONSTANT,OK,0.49674857299987707
1567523125618648.matrix,NON-CONSTANT,OK,0.6062940740000613
1567523125618932.matrix,CONSTANT,OK,0.8178212239999993
1567523125619359.matrix,NON-CONSTANT,OK,0.5100878389998798
1567523125619571.matrix,CONSTANT,OK,0.8600434439999844
1567523125619994.matrix,NON-CONSTANT,OK,0.5100523090000024
1567523125620204.matrix,NON-CONSTANT,OK,0.45723121399987576
1567523125727897.matrix,NON-CONSTANT,OK,0.43187089100001685
1567523125846031.matrix,NON-CONSTANT,OK,0.45091356700004326
1567523126774749.matrix,NON-CONSTANT,OK,0.48579778700013776
1567523126775045.matrix,NON-CONSTANT,OK,0.9034723869999652
1567523126775291.matrix,NON-CONSTANT,OK,0.7075930050000352
1567523127005592.matrix,NON-CONSTANT,OK,0.480998419999878
1567523127005803.matrix,NON-CONSTANT,OK,0.4825792480000928
1567523127078220.matrix,NON-CONSTANT,OK,0.5095499669998844
1567523127403515.matrix,NON-CONSTANT,OK,0.5001747900000737
1567523127403917.matrix,NON-CONSTANT,OK,0.5276164790000166
1567523127406226.matrix,NON-CONSTANT,OK,1.389190439999993
1567523127406626.matrix,NON-CONSTANT,OK,1.523519804999978
1567523127407021.matrix,NON-CONSTANT,OK,1.6346688040000572
1567523127407440.matrix,NON-CONSTANT,OK,1.5116374629999427
1567523127619898.matrix,NON-CONSTANT,OK,9.108482791999904
1567523128176196.matrix,NON-CONSTANT,OK,0.9923636910000369
1567523128177933.matrix,NON-CONSTANT,OK,0.8801804080001148
1567523128181633.matrix,NON-CONSTANT,OK,1.0254754280001634
1567523128182489.matrix,NON-CONSTANT,OK,0.9446426539998356
1567523128183694.matrix,NON-CONSTANT,OK,5.555989143000033
1567523128344582.matrix,CONSTANT,OK,0.524021785000059
1567523128344891.matrix,NON-CONSTANT,OK,0.40442190799990385
1567523129010283.matrix,NON-CONSTANT,OK,0.6481126880000829
1567523129010670.matrix,NON-CONSTANT,OK,0.6283074230000238
1567523129020106.matrix,NON-CONSTANT,OK,1.7219232699999338
1567523129021403.matrix,NON-CONSTANT,OK,1.790568914000005
1567523129022502.matrix,NON-CONSTANT,OK,2.331070752999949
1567523129023569.matrix,NON-CONSTANT,OK,2.027313280000044
1567523129024552.matrix,NON-CONSTANT,OK,0.5589082300000427
1567523129025416.matrix,NON-CONSTANT,OK,0.471497189000047
1567523129026166.matrix,NON-CONSTANT,OK,0.48344705199997406
1567523129403627.matrix,NON-CONSTANT,OK,0.9197496619999583
1567523129404118.matrix,NON-CONSTANT,OK,0.8096597250000741
1567523129404564.matrix,NON-CONSTANT,OK,0.8225096159999339
1567523129405001.matrix,NON-CONSTANT,OK,0.8823697799998627
1567523129613341.matrix,NON-CONSTANT,OK,15.022722132000126
1567523130729918.matrix,NON-CONSTANT,OK,0.6036008060000313
1567523130730301.matrix,NON-CONSTANT,OK,0.5953398270000889
1567523130927885.matrix,NON-CONSTANT,OK,14.809337676000041
1567523131547057.matrix,NON-CONSTANT,OK,0.4076000009999916
1567523131547418.matrix,CONSTANT,OK,0.5943338179999955
1567523131547778.matrix,CONSTANT,OK,1.2494561700000304
1567523131548191.matrix,CONSTANT,OK,1.3349133959998198
1567523131548523.matrix,NON-CONSTANT,OK,0.4400933649999388
1567523131549006.matrix,NON-CONSTANT,OK,0.42880764500000623
1567523131549301.matrix,CONSTANT,OK,1.340330582999968
1567523131549633.matrix,CONSTANT,OK,0.9474515010001596
1567523132023816.matrix,NON-CONSTANT,OK,0.4207104309998613
1567523132321081.matrix,NON-CONSTANT,OK,0.5451222970000345
1567523132806662.matrix,NON-CONSTANT,OK,0.8021698609998111
1567523132806956.matrix,NON-CONSTANT,OK,0.9071346020000419
1567523132807300.matrix,NON-CONSTANT,OK,1.030179993000047
1567523132807655.matrix,NON-CONSTANT,OK,1.0213815680001517
1567523132992531.matrix,NON-CONSTANT,OK,0.46235702600006334
1567523136591794.matrix,NON-CONSTANT,OK,2.426905935999912
1567523136595940.matrix,NON-CONSTANT,OK,2.3075099119998868
1567523136638721.matrix,NON-CONSTANT,OK,19.95955366699991
1567523136642336.matrix,NON-CONSTANT,OK,16.591551212000013
1567523136925041.matrix,NON-CONSTANT,OK,14.161557530999971
1567523138486888.matrix,NON-CONSTANT,OK,0.3957377239999005
1567523138489018.matrix,NON-CONSTANT,OK,0.7643859740001062
1567523138492491.matrix,NON-CONSTANT,OK,1.0187179370000194
1567523138493172.matrix,NON-CONSTANT,OK,1.2284883929999069
1567523142225751.matrix,NON-CONSTANT,OK,1.3135642340000686
1567523142561420.matrix,NON-CONSTANT,OK,1.5662569369999346
1567523142561846.matrix,NON-CONSTANT,OK,1.3837111739999273
1567523142562199.matrix,NON-CONSTANT,OK,1.2874676819999422
1567523142562568.matrix,NON-CONSTANT,OK,1.382534145999898
1567523142798038.matrix,CONSTANT,OK,0.46680694299993775
1567523142798255.matrix,CONSTANT,OK,0.4598473579999336
1567523143196883.matrix,NON-CONSTANT,OK,0.6003235749999476
1567523143197263.matrix,NON-CONSTANT,OK,0.5994885800000702
1567523143197649.matrix,NON-CONSTANT,OK,1.9687698889999865
1567523143198082.matrix,NON-CONSTANT,OK,1.5932864840001457
1567523143198503.matrix,NON-CONSTANT,OK,1.6559189629999764
1567523143198979.matrix,NON-CONSTANT,OK,1.5255993890000354
1567523143199361.matrix,NON-CONSTANT,OK,0.4380447149999327
1567523143199751.matrix,NON-CONSTANT,OK,0.5548610100001952
1567523143200159.matrix,NON-CONSTANT,OK,0.5128065389999392
1567523143355751.matrix,CONSTANT,OK,0.46479813600012676
1567523143498031.matrix,NON-CONSTANT,OK,0.4050676729998486
1567523143729687.matrix,CONSTANT,OK,0.5270530339998913
1567523143729902.matrix,CONSTANT,OK,0.551664411000047
1567523143730205.matrix,CONSTANT,OK,0.497805857000003
1567523144961609.matrix,NON-CONSTANT,OK,0.4932192589999431
1567523144961940.matrix,NON-CONSTANT,OK,0.4633673920000092
1567523144962192.matrix,NON-CONSTANT,OK,0.46535506800000803
1567523144962455.matrix,NON-CONSTANT,OK,0.4646650639999734
1567523144963094.matrix,NON-CONSTANT,OK,0.4287682859999222
1567523144963290.matrix,CONSTANT,OK,0.6545257410000431
1567523144963713.matrix,NON-CONSTANT,OK,0.41935553100006473
1567523144963954.matrix,CONSTANT,OK,0.6518221179999273
1567523144964143.matrix,CONSTANT,OK,0.5968700119999539
1567523144964501.matrix,NON-CONSTANT,OK,0.438341052999931
1567523144965071.matrix,NON-CONSTANT,OK,0.45218167999996695
1567523144965242.matrix,NON-CONSTANT,OK,0.42149073999985376
1567523144965596.matrix,NON-CONSTANT,OK,0.3906891320000341
1567523145187771.matrix,NON-CONSTANT,OK,0.6117488659999708
1567523145188092.matrix,NON-CONSTANT,OK,0.4538001509999958
1567523145188342.matrix,NON-CONSTANT,OK,0.46095203400000173
1567523145188590.matrix,NON-CONSTANT,OK,0.4358716460001233
1567523145804199.matrix,NON-CONSTANT,OK,0.6215934429999379
1567523145804440.matrix,CONSTANT,OK,0.9658595620001051
1567523145804906.matrix,NON-CONSTANT,OK,0.5888219939999999
1567523145805139.matrix,CONSTANT,OK,0.935319477000121
1567523145805603.matrix,NON-CONSTANT,OK,0.5267133209999884
1567523145805831.matrix,NON-CONSTANT,OK,0.43922145700003057
1567523148364109.matrix,NON-CONSTANT,OK,1.225255271999913
1567523148366442.matrix,NON-CONSTANT,OK,1.139920507999932
1567523148371287.matrix,NON-CONSTANT,OK,1.22394847999999
1567523148372427.matrix,NON-CONSTANT,OK,1.1459038630000578
1567523148411892.matrix,NON-CONSTANT,OK,14.312753799999882
1567523148518575.matrix,NON-CONSTANT,OK,0.4040344779998577
1567523151277867.matrix,NON-CONSTANT,OK,0.5525421469999401
1567523151278305.matrix,NON-CONSTANT,OK,0.5475531390000015
1567523151278710.matrix,NON-CONSTANT,OK,0.5458259320000707
1567523151487243.matrix,NON-CONSTANT,OK,9.457871249999926
1567523151560880.matrix,NON-CONSTANT,OK,0.4681391659999008
1567523154152450.matrix,NON-CONSTANT,OK,1.292570360999889
1567523154154927.matrix,NON-CONSTANT,OK,1.2146078780001517
1567523154159983.matrix,NON-CONSTANT,OK,1.2338839530000314
1567523154161166.matrix,NON-CONSTANT,OK,1.2247134550000283
1567523154202257.matrix,NON-CONSTANT,OK,14.82130208600006
1567523154807754.matrix,NON-CONSTANT,OK,0.417789096999968
1567523154808101.matrix,NON-CONSTANT,OK,0.49838843399993493
1567523154808417.matrix,NON-CONSTANT,OK,0.4539638000001105
1567523154808728.matrix,NON-CONSTANT,OK,0.4788867100000971
1567523155410980.matrix,NON-CONSTANT,OK,0.8291948850001063
1567523155411669.matrix,NON-CONSTANT,OK,2.1653344920000563
1567523155415000.matrix,NON-CONSTANT,OK,0.5850663979999808
1567523155683425.matrix,NON-CONSTANT,OK,0.39641884899992874
1567523155887853.matrix,CONSTANT,OK,0.5263390190000337
1567523156074938.matrix,NON-CONSTANT,OK,0.4601809089999733
1567523156075159.matrix,CONSTANT,OK,3.2172368490000736
1567523156901197.matrix,NON-CONSTANT,OK,1.9738332249999075
1567523156902494.matrix,NON-CONSTANT,OK,1.3161823440000262
1567523156903131.matrix,NON-CONSTANT,OK,2.23738898900001
1567523156906569.matrix,NON-CONSTANT,OK,0.5679662860000008
1567523157055527.matrix,NON-CONSTANT,OK,0.5676453230000789
1567523157055802.matrix,NON-CONSTANT,OK,2.1040001799999573
1567523157056031.matrix,NON-CONSTANT,OK,0.8658209230000011
1567523158620489.matrix,CONSTANT,OK,3.3128760659999443
1567523158621031.matrix,NON-CONSTANT,OK,0.6005687069998658
1567523158621470.matrix,NON-CONSTANT,OK,0.5999899139999343
1567523158621870.matrix,NON-CONSTANT,OK,0.6362310340000477
1567523158622273.matrix,NON-CONSTANT,OK,0.6630696950001038
1567523158622663.matrix,NON-CONSTANT,OK,0.6501858139999968
1567523158623884.matrix,NON-CONSTANT,OK,1.0875088170000708
1567523158624412.matrix,NON-CONSTANT,OK,1.2650154360001125
1567523159050979.matrix,CONSTANT,OK,0.49801513800002795
1567523159059895.matrix,CONSTANT,OK,0.4921689789998709
1567523159891542.matrix,NON-CONSTANT,OK,0.8676447779998853
1567523159891810.matrix,NON-CONSTANT,OK,0.8640893049998795
1567523159892119.matrix,NON-CONSTANT,OK,0.9905204470001081
1567523159892459.matrix,NON-CONSTANT,OK,1.0322356210001544
1567523164780297.matrix,NON-CONSTANT,OK,0.49320778300011625
1567523164780845.matrix,CONSTANT,OK,5.083281237000165
1567523164781416.matrix,NON-CONSTANT,OK,0.8005783009998595
1567523164781953.matrix,NON-CONSTANT,OK,0.6682783490000475
1567523164782621.matrix,NON-CONSTANT,OK,3.5561134029999266
1567523164783426.matrix,NON-CONSTANT,OK,4.069308297000134
1567523164784015.matrix,NON-CONSTANT,OK,0.5583031779999601
1567523164784441.matrix,NON-CONSTANT,OK,0.5691043689998878
1567523164784919.matrix,NON-CONSTANT,OK,3.7443118170001526
1567523164785438.matrix,NON-CONSTANT,OK,2.1027513250000993
1567523164785948.matrix,NON-CONSTANT,OK,2.451045846999932
1567523164786464.matrix,NON-CONSTANT,OK,2.053586193000001
1567523164786984.matrix,NON-CONSTANT,OK,1.8865474460001224
1567523164787522.matrix,NON-CONSTANT,OK,1.4475123569998232
1567523164788055.matrix,NON-CONSTANT,OK,1.773866322999993
1567523164788543.matrix,NON-CONSTANT,OK,0.9762391530000514
1567523164788970.matrix,NON-CONSTANT,OK,1.0664717829999972
1567523164789420.matrix,NON-CONSTANT,OK,0.7970488839998779
1567523164789964.matrix,NON-CONSTANT,OK,0.525536269999975
1567523164790600.matrix,NON-CONSTANT,OK,1.1824771100000362
1567523164791254.matrix,NON-CONSTANT,OK,1.0766134780001266
1567523164791842.matrix,NON-CONSTANT,OK,1.0253764349999983
1567523165000195.matrix,CONSTANT,OK,0.9423323299999993
1567523165071258.matrix,NON-CONSTANT,OK,0.6859966859999531
1567523165274878.matrix,NON-CONSTANT,OK,0.380494661000057
1567523165358324.matrix,CONSTANT,OK,0.5530063119999795
1567523165572874.matrix,NON-CONSTANT,OK,0.370159810000132
1567523166466263.matrix,NON-CONSTANT,OK,0.6531761660000939
1567523166467208.matrix,NON-CONSTANT,OK,0.5239092330000403
1567523166554034.matrix,NON-CONSTANT,OK,0.4588686729998699
1567523166658460.matrix,CONSTANT,OK,0.49428528499993263
1567523166943376.matrix,NON-CONSTANT,OK,0.40588308900009906
1567523166943776.matrix,NON-CONSTANT,OK,0.4489664019999964
1567523167197351.matrix,NON-CONSTANT,OK,0.3860056200001054
1567523167571946.matrix,NON-CONSTANT,OK,0.39821783499996855
1567523167572285.matrix,NON-CONSTANT,OK,0.4453126500000053
1567523167770434.matrix,NON-CONSTANT,OK,0.599294091000047
1567523167930331.matrix,NON-CONSTANT,OK,282.9076882610002
1567523168546911.matrix,NON-CONSTANT,OK,0.5871730839999145
1567523168547253.matrix,NON-CONSTANT,OK,0.5966763649998938
1567523168547532.matrix,NON-CONSTANT,OK,0.45249094499968123
1567523168547808.matrix,NON-CONSTANT,OK,0.46148016500001177
1567523168548073.matrix,NON-CONSTANT,OK,0.43286046299999725
1567523168548312.matrix,NON-CONSTANT,OK,0.4627012079999986
1567523168548606.matrix,NON-CONSTANT,OK,0.528970868000215
1567523168548978.matrix,NON-CONSTANT,OK,0.905744211000183
1567523168549355.matrix,NON-CONSTANT,OK,0.5003144729998894
1567523168549737.matrix,NON-CONSTANT,OK,0.8375815419999526
1567523169553077.matrix,NON-CONSTANT,OK,3.0760539939997216
1567523169556183.matrix,NON-CONSTANT,OK,2.9410477070000525
1567523169557396.matrix,NON-CONSTANT,OK,1.5125281919999907
1567523169558433.matrix,NON-CONSTANT,OK,1.7964962449996165
1567523169559513.matrix,NON-CONSTANT,OK,1.77361172000019
1567523169560612.matrix,NON-CONSTANT,OK,2.5117212589998417
1567523169562061.matrix,NON-CONSTANT,OK,12.855479300000297
1567523169565280.matrix,NON-CONSTANT,OK,10.889075331000186
1567523170003618.matrix,NON-CONSTANT,OK,0.46717530100022486
1567523170011902.matrix,NON-CONSTANT,OK,0.46462289700002657
1567523170012412.matrix,NON-CONSTANT,OK,0.3824310059999334
1567523170318022.matrix,NON-CONSTANT,OK,0.5629351489997134
1567523170318266.matrix,NON-CONSTANT,OK,0.6115674880002189
1567523170445350.matrix,CONSTANT,OK,0.944479752999996
1567523175914941.matrix,NON-CONSTANT,OK,3.1702348889998575
1567523175919328.matrix,NON-CONSTANT,OK,2.969706269999733
1567523175921158.matrix,NON-CONSTANT,OK,4.373684836999928
1567523175922787.matrix,NON-CONSTANT,OK,5.014926208000361
1567523175924376.matrix,NON-CONSTANT,OK,3.7029593150000437
1567523175925943.matrix,NON-CONSTANT,OK,4.5040637130000505
1567523175927538.matrix,NON-CONSTANT,OK,4.107173115000023
1567523175929166.matrix,NON-CONSTANT,OK,4.66741689599985
1567523175930795.matrix,NON-CONSTANT,OK,3.298632789000294
1567523175932370.matrix,NON-CONSTANT,OK,4.286874302999877
1567523175974775.matrix,NON-CONSTANT,OK,18.12490688800017
1567523175978571.matrix,NON-CONSTANT,OK,11.811216508999678
1567523176144809.matrix,NON-CONSTANT,OK,0.3869044319999375
1567523176318985.matrix,NON-CONSTANT,OK,0.42399889599983
1567523176319330.matrix,NON-CONSTANT,OK,0.5330785649998688
1567523176637781.matrix,CONSTANT,OK,0.5062528010003007
1567523176758018.matrix,NON-CONSTANT,OK,0.5455726840000352
1567523176860025.matrix,CONSTANT,OK,0.5404209069997705
1567523176860177.matrix,CONSTANT,OK,0.5409796280000592
1567523176942283.matrix,CONSTANT,OK,0.48581811399981234
1567523177241250.matrix,NON-CONSTANT,OK,0.44715718199995536
1567523177241497.matrix,NON-CONSTANT,OK,0.3875498669999615
1567523177242279.matrix,NON-CONSTANT,OK,0.38548981499980073
1567523177344319.matrix,NON-CONSTANT,OK,0.4359106540000539
1567523177650088.matrix,NON-CONSTANT,OK,1.3870704570003909
1567523177650919.matrix,NON-CONSTANT,OK,1.043478524999955
1567523177651701.matrix,NON-CONSTANT,OK,1.4523256719999154
1567523177652459.matrix,NON-CONSTANT,OK,1.1596614240002054
1567523177653747.matrix,NON-CONSTANT,OK,19.14760242300008
1567523177813218.matrix,CONSTANT,OK,1.2849306660000366
1567523179320473.matrix,NON-CONSTANT,OK,4.2446479649997855
1567523179323821.matrix,NON-CONSTANT,OK,4.975062622999758
1567523179325132.matrix,NON-CONSTANT,OK,3.8908016020000105
1567523179326208.matrix,NON-CONSTANT,OK,5.783089459000166
1567523179332420.matrix,NON-CONSTANT,OK,17.3587680429996
1567523179529885.matrix,CONSTANT,OK,0.501523546000044
1567523179530256.matrix,CONSTANT,OK,0.4622924109999076
1567523179530580.matrix,CONSTANT,OK,0.5445083340000565
1567523179530888.matrix,CONSTANT,OK,0.5024843159999364
1567523179713997.matrix,NON-CONSTANT,OK,0.4103196879996176
1567523180151829.matrix,NON-CONSTANT,OK,1.3053922419999253
1567523180152189.matrix,NON-CONSTANT,OK,1.2434959490001347
1567523180152554.matrix,NON-CONSTANT,OK,1.3750891810000212
1567523180152923.matrix,NON-CONSTANT,OK,1.652592395999818
1567523180573655.matrix,NON-CONSTANT,OK,0.4330215620002491
1567523180574014.matrix,NON-CONSTANT,OK,0.4626179070000944
1567523180802445.matrix,NON-CONSTANT,OK,23.740092559999994
1567523183922783.matrix,NON-CONSTANT,OK,0.6526458399998774
1567523183923202.matrix,NON-CONSTANT,OK,0.6088377500000206
1567523183923534.matrix,NON-CONSTANT,OK,0.6814081470001838
1567523183923889.matrix,NON-CONSTANT,OK,0.6385316710002371
1567523183924220.matrix,NON-CONSTANT,OK,0.6840053439996154
1567523183924555.matrix,NON-CONSTANT,OK,0.665194837999934
1567523183924872.matrix,NON-CONSTANT,OK,0.6779106829999364
1567523183925185.matrix,NON-CONSTANT,OK,0.668996720999985
1567523183925502.matrix,NON-CONSTANT,OK,0.6334227099996497
1567523183925841.matrix,NON-CONSTANT,OK,0.6810807629999545
1567523183926196.matrix,NON-CONSTANT,OK,0.7207129680000435
1567523183926520.matrix,NON-CONSTANT,OK,0.669661306999842
1567523183926915.matrix,NON-CONSTANT,OK,0.6723535379996974
1567523183927225.matrix,NON-CONSTANT,OK,0.6572407079997902
1567523183927544.matrix,NON-CONSTANT,OK,0.635816700000305
1567523183928235.matrix,NON-CONSTANT,OK,0.6419112859998677
1567523183928562.matrix,NON-CONSTANT,OK,0.6642958239999643
1567523183928950.matrix,NON-CONSTANT,OK,0.653298593999807
1567523183929261.matrix,NON-CONSTANT,OK,0.6946803969999564
1567523183929579.matrix,NON-CONSTANT,OK,0.6590548059998582
1567523183929960.matrix,NON-CONSTANT,OK,0.6523768239999299
1567523183930284.matrix,NON-CONSTANT,OK,0.6494754400000602
1567523183930603.matrix,NON-CONSTANT,OK,0.63500076299988
1567523183930924.matrix,NON-CONSTANT,OK,0.6410596489999989
1567523183931243.matrix,NON-CONSTANT,OK,0.6729857489999631
1567523183931569.matrix,NON-CONSTANT,OK,0.6630568230002609
1567523183931954.matrix,NON-CONSTANT,OK,0.6514388900000085
1567523183932589.matrix,NON-CONSTANT,OK,0.7270850350000728
1567523183932969.matrix,NON-CONSTANT,OK,0.6726012909998644
1567523183933295.matrix,NON-CONSTANT,OK,0.6310048740001548
1567523183933615.matrix,NON-CONSTANT,OK,0.7231370009999409
1567523183934001.matrix,NON-CONSTANT,OK,1.9761467450002783
1567523183934445.matrix,NON-CONSTANT,OK,1.8321441839998442
1567523183934884.matrix,NON-CONSTANT,OK,1.9592984519999845
1567523183935328.matrix,NON-CONSTANT,OK,1.7157403440000962
1567523183935769.matrix,NON-CONSTANT,OK,1.9884442229999877
1567523183936210.matrix,NON-CONSTANT,OK,1.7789236670000719
1567523183936655.matrix,NON-CONSTANT,OK,1.9051071890003186
1567523183937094.matrix,NON-CONSTANT,OK,1.8519383819998438
1567523183937540.matrix,NON-CONSTANT,OK,2.0341099560000657
1567523183937980.matrix,NON-CONSTANT,OK,1.7909737179998046
1567523183938424.matrix,NON-CONSTANT,OK,1.9516903370004002
1567523183938863.matrix,NON-CONSTANT,OK,1.4617591900000662
1567523183939306.matrix,NON-CONSTANT,OK,2.0224990809997507
1567523183939746.matrix,NON-CONSTANT,OK,1.684640728999966
1567523183940182.matrix,NON-CONSTANT,OK,1.4548099610001373
1567523183940641.matrix,NON-CONSTANT,OK,2.0741032450000603
1567523183941080.matrix,NON-CONSTANT,OK,1.779587647000426
1567523183941527.matrix,NON-CONSTANT,OK,1.740006904999973
1567523183941985.matrix,NON-CONSTANT,OK,1.6147997240000223
1567523183942440.matrix,NON-CONSTANT,OK,1.590123978000065
1567523183942904.matrix,NON-CONSTANT,OK,1.8305898630001138
1567523183943348.matrix,NON-CONSTANT,OK,1.9896063020000838
1567523183943783.matrix,NON-CONSTANT,OK,1.4309251449999465
1567523183944221.matrix,NON-CONSTANT,OK,2.02807581199977
1567523183944664.matrix,NON-CONSTANT,OK,1.9114069400002336
1567523183945126.matrix,NON-CONSTANT,OK,1.6691723439998896
1567523183945580.matrix,NON-CONSTANT,OK,1.9831261209997137
1567523183946045.matrix,NON-CONSTANT,OK,1.6501178109997454
1567523183946487.matrix,NON-CONSTANT,OK,1.783277888000157
1567523183946926.matrix,NON-CONSTANT,OK,1.6935858359997837
1567523183947368.matrix,NON-CONSTANT,OK,1.3945886589999645
1567523183947807.matrix,NON-CONSTANT,OK,1.7292870480000602
1567523183948245.matrix,NON-CONSTANT,OK,1.9331385589998717
1567523183948707.matrix,NON-CONSTANT,OK,1.7267384460001267
1567523183949183.matrix,NON-CONSTANT,OK,2.118465864999962
1567523183949664.matrix,NON-CONSTANT,OK,1.8723714150000887
1567523183950162.matrix,NON-CONSTANT,OK,1.901460534999842
1567523183950656.matrix,NON-CONSTANT,OK,2.0233198030000494
1567523183951154.matrix,NON-CONSTANT,OK,1.5230123860001186
1567523183951635.matrix,NON-CONSTANT,OK,2.2685738229997696
1567523183952110.matrix,NON-CONSTANT,OK,2.0107322110002315
1567523183952592.matrix,NON-CONSTANT,OK,1.893915861000096
1567523183953087.matrix,NON-CONSTANT,OK,2.070149032000245
1567523183953582.matrix,NON-CONSTANT,OK,1.825099560000126
1567523183954080.matrix,NON-CONSTANT,OK,1.7560483030001706
1567523183954559.matrix,NON-CONSTANT,OK,1.9992716900001142
1567523183955031.matrix,NON-CONSTANT,OK,1.5661529660001179
1567523183955512.matrix,NON-CONSTANT,OK,1.5937314920001882
1567523183955991.matrix,NON-CONSTANT,OK,1.8502382609999586
1567523183956476.matrix,NON-CONSTANT,OK,1.7054672540002684
1567523183956968.matrix,NON-CONSTANT,OK,2.428805067000212
1567523183957453.matrix,NON-CONSTANT,OK,1.8893237359998238
1567523183957992.matrix,NON-CONSTANT,OK,2.321037212000192
1567523183958458.matrix,NON-CONSTANT,OK,1.8337021329998606
1567523183958986.matrix,NON-CONSTANT,OK,1.9812042349999501
1567523183959523.matrix,NON-CONSTANT,OK,2.3027090020000287
1567523183960025.matrix,NON-CONSTANT,OK,1.613343831000293
1567523183960505.matrix,NON-CONSTANT,OK,1.7406694389997028
1567523183961040.matrix,NON-CONSTANT,OK,1.4366792659998282
1567523183961509.matrix,NON-CONSTANT,OK,2.1009733129999404
1567523183962044.matrix,NON-CONSTANT,OK,2.1200290470001164
1567523183962537.matrix,NON-CONSTANT,OK,2.1268775199996526
1567523183963037.matrix,NON-CONSTANT,OK,2.147896530000253
1567523183963515.matrix,NON-CONSTANT,OK,1.629639619000045
1567523183963991.matrix,NON-CONSTANT,OK,1.8116651939999429
1567523183964472.matrix,NON-CONSTANT,OK,1.8939336930002355
1567523184210126.matrix,NON-CONSTANT,OK,0.5401969589997861
1567523184943841.matrix,NON-CONSTANT,OK,3.486980403000416
1567523184946880.matrix,NON-CONSTANT,OK,3.475073089000034
1567523184948074.matrix,NON-CONSTANT,OK,3.4802718930000083
1567523184949467.matrix,NON-CONSTANT,OK,12.05439800699969
1567523185075113.matrix,NON-CONSTANT,OK,0.7932844719998684
1567523185193406.matrix,CONSTANT,OK,0.5597648779998963
1567523185865856.matrix,CONSTANT,OK,0.4738017189997663
1567523185866222.matrix,NON-CONSTANT,OK,0.3723568969999178
1567523185867708.matrix,NON-CONSTANT,OK,0.37410907399998905
1567523185986456.matrix,NON-CONSTANT,OK,0.44726397300019016
1567523186628204.matrix,NON-CONSTANT,OK,0.794124987000032
1567523186778742.matrix,CONSTANT,OK,0.5297441749999052
1567523186778962.matrix,CONSTANT,OK,0.5420980640001289
1567523186920474.matrix,CONSTANT,OK,1.0114011670002583
1567523186920738.matrix,CONSTANT,OK,1.1197935000000143
1567523186920942.matrix,CONSTANT,OK,1.163479708000068
1567523187446308.matrix,NON-CONSTANT,OK,1.2657595649998257
1567523187446854.matrix,NON-CONSTANT,OK,0.5719781519997014
1567523187522863.matrix,NON-CONSTANT,OK,0.782403006000095
1567523187739247.matrix,NON-CONSTANT,OK,0.4031210580001243
1567523187815204.matrix,NON-CONSTANT,OK,1.1879464600001484
1567523188565003.matrix,NON-CONSTANT,OK,2.3608459990000483
1567523188571081.matrix,NON-CONSTANT,OK,0.5540848440000445
1567523188817173.matrix,NON-CONSTANT,OK,0.41035972200006654
1567523189215513.matrix,NON-CONSTANT,OK,0.37418188000037844
1567523189216146.matrix,NON-CONSTANT,OK,0.47552474499980235
1567523189216603.matrix,NON-CONSTANT,OK,0.4395167739999124
1567523189216790.matrix,NON-CONSTANT,OK,0.5937883350002267
1567523189217188.matrix,NON-CONSTANT,OK,0.4942223860002741
1567523189305158.matrix,NON-CONSTANT,OK,0.24751274399977774
1567523189305394.matrix,NON-CONSTANT,OK,0.4016295549999995
1567523189667280.matrix,NON-CONSTANT,OK,0.43950182100024904
1567523189667888.matrix,NON-CONSTANT,OK,0.6151447750003172
1567523189668404.matrix,NON-CONSTANT,OK,0.7863045980002425
1567523189668911.matrix,NON-CONSTANT,OK,0.7545718430001216
1567523189669461.matrix,NON-CONSTANT,OK,1.9378225169998586
1567523189669973.matrix,NON-CONSTANT,OK,1.6026272970002537
1567523189796792.matrix,NON-CONSTANT,OK,0.5511295169999357
1567523189797237.matrix,NON-CONSTANT,OK,0.4388876309999432
1567523189878096.matrix,NON-CONSTANT,OK,0.363224376999824
1567523189961919.matrix,NON-CONSTANT,OK,0.5825256060002175
1567523190309232.matrix,NON-CONSTANT,OK,0.6096604899998965
1567523190480946.matrix,NON-CONSTANT,OK,0.3751861320001808
1567523190481107.matrix,NON-CONSTANT,OK,0.404629444999955
1567523191140874.matrix,NON-CONSTANT,OK,0.4888034800001151
1567523191141230.matrix,NON-CONSTANT,OK,0.6037489539999115
1567523191141537.matrix,NON-CONSTANT,OK,0.6499085220002598
1567523191141932.matrix,NON-CONSTANT,OK,1.7870287790001385
1567523191142333.matrix,NON-CONSTANT,OK,1.7088684690002083
1567523191142734.matrix,NON-CONSTANT,OK,1.7924118830001134
1567523191143131.matrix,NON-CONSTANT,OK,1.238905405999958
1567523191143496.matrix,NON-CONSTANT,OK,0.492983156000264
1567523191244248.matrix,NON-CONSTANT,OK,0.39179878499999177
1567523191385863.matrix,NON-CONSTANT,OK,0.5334045790000346
1567523191386159.matrix,NON-CONSTANT,OK,0.3781512529999418
1567523191386389.matrix,NON-CONSTANT,OK,0.37561207199996716
1567523191607096.matrix,NON-CONSTANT,OK,17.17279158800011
1567523191677924.matrix,NON-CONSTANT,OK,0.38982975799990527
1567523192050899.matrix,NON-CONSTANT,OK,15.942106463000073
1567523192954385.matrix,NON-CONSTANT,OK,0.40048790199989526
1567523193102354.matrix,NON-CONSTANT,OK,0.46944389100008266
1567523193102621.matrix,NON-CONSTANT,OK,0.8406367709999358
1567523193203088.matrix,NON-CONSTANT,OK,0.4163358900000276
1567523193203266.matrix,NON-CONSTANT,OK,0.4037656620002963
1567523193422756.matrix,NON-CONSTANT,OK,0.45147697100037476
1567523193775821.matrix,NON-CONSTANT,OK,0.3795840009997846
1567523193877115.matrix,NON-CONSTANT,OK,0.3940057849999903
1567523193965738.matrix,NON-CONSTANT,OK,0.4508834170001137
1567523194132859.matrix,NON-CONSTANT,OK,0.5715329169997858
1567523194133170.matrix,CONSTANT,OK,1.958132177999687
1567523194133412.matrix,CONSTANT,OK,0.8295180670002082
1567523194133634.matrix,NON-CONSTANT,OK,0.7106068419998337
1567523194968866.matrix,NON-CONSTANT,OK,2.735168343999703
1567523194970004.matrix,NON-CONSTANT,OK,2.946663291999812
1567523194975825.matrix,NON-CONSTANT,OK,4.8829079080001065
1567523194978620.matrix,NON-CONSTANT,OK,13.606575361000068
1567523195611592.matrix,NON-CONSTANT,OK,0.4088701509999737
1567523195612962.matrix,NON-CONSTANT,OK,0.394209366999803
1567523195764475.matrix,NON-CONSTANT,OK,0.38679167999998754
1567523195886143.matrix,NON-CONSTANT,OK,0.3695340449999094
1567523195886503.matrix,NON-CONSTANT,OK,0.3695392160002484
1567523196549963.matrix,NON-CONSTANT,OK,3.167567104000227
1567523196553165.matrix,NON-CONSTANT,OK,2.929761331000009
1567523196554460.matrix,NON-CONSTANT,OK,3.6942868680002903
1567523196555900.matrix,NON-CONSTANT,OK,15.582330873000046
1567523196630549.matrix,NON-CONSTANT,OK,0.5371368370001619
1567523196841963.matrix,NON-CONSTANT,OK,10.571914629000275
1567523197058189.matrix,NON-CONSTANT,OK,11.01104674499993
1567523199006727.matrix,NON-CONSTANT,OK,0.5524291059996358
1567523199007116.matrix,NON-CONSTANT,OK,0.5171890700003132
1567523199007417.matrix,NON-CONSTANT,OK,0.4607823380001719
1567523199007724.matrix,NON-CONSTANT,OK,0.5290055300001768
1567523199008054.matrix,NON-CONSTANT,OK,0.6159543290000329
1567523199008349.matrix,NON-CONSTANT,OK,0.5075084330001118
1567523199008681.matrix,NON-CONSTANT,OK,0.5431781199999932
1567523199009041.matrix,NON-CONSTANT,OK,0.5678912660000606
1567523199009385.matrix,NON-CONSTANT,OK,0.5198768650002421
1567523199009703.matrix,NON-CONSTANT,OK,0.549630839999736
1567523199010022.matrix,NON-CONSTANT,OK,0.5477293530002498
1567523199010396.matrix,NON-CONSTANT,OK,0.5768785350001053
1567523199010788.matrix,NON-CONSTANT,OK,0.5367894830001205
1567523199011142.matrix,NON-CONSTANT,OK,0.8589087840000502
1567523199011503.matrix,NON-CONSTANT,OK,0.7362343069999042
1567523199011906.matrix,NON-CONSTANT,OK,0.7805898229999002
1567523199012290.matrix,NON-CONSTANT,OK,0.7576465909996841
1567523199012656.matrix,NON-CONSTANT,OK,0.5764309890000732
1567523199013033.matrix,NON-CONSTANT,OK,0.5773948920000294
1567523199013407.matrix,NON-CONSTANT,OK,0.5671613350000371
1567523199013827.matrix,NON-CONSTANT,OK,0.9026016789998721
1567523199014192.matrix,NON-CONSTANT,OK,0.5532837939999808
1567523199014488.matrix,NON-CONSTANT,OK,0.5397391550000066
1567523199014848.matrix,NON-CONSTANT,OK,0.91196281800012
1567523199015287.matrix,NON-CONSTANT,OK,1.0406312300001446
1567523199015704.matrix,NON-CONSTANT,OK,0.8638022649997765
1567523199016062.matrix,NON-CONSTANT,OK,0.548377492000327
1567523199016335.matrix,NON-CONSTANT,OK,0.5210577259999809
1567523199016603.matrix,NON-CONSTANT,OK,0.5153606839999156
1567523199016942.matrix,NON-CONSTANT,OK,0.9690278909997687
1567523199243780.matrix,NON-CONSTANT,OK,1.3260389540000688
1567523199244091.matrix,NON-CONSTANT,OK,1.3342818989999614
1567523199244450.matrix,NON-CONSTANT,OK,1.5014038220001567
1567523199244826.matrix,NON-CONSTANT,OK,1.5174251729999924
1567523199490927.matrix,CONSTANT,OK,0.48992990800024927
1567523199578122.matrix,NON-CONSTANT,OK,0.5014391680001609
1567523199578395.matrix,NON-CONSTANT,OK,0.6431233140001495
1567523200137307.matrix,NON-CONSTANT,OK,2.589937536999969
1567523200139785.matrix,NON-CONSTANT,OK,2.2105206969999927
1567523200144179.matrix,NON-CONSTANT,OK,1.6986430819997622
1567523200145170.matrix,NON-CONSTANT,OK,1.5463472349997573
1567523200146615.matrix,NON-CONSTANT,OK,11.416097826999703
1567523200756878.matrix,NON-CONSTANT,OK,0.6954395490001843
1567523200757741.matrix,NON-CONSTANT,OK,0.6232797080001546
1567523200758706.matrix,NON-CONSTANT,OK,1.0688809190000939
1567523200759747.matrix,NON-CONSTANT,OK,0.9083670320001147
1567523200760837.matrix,NON-CONSTANT,OK,0.583619907999946
1567523200762047.matrix,NON-CONSTANT,OK,0.5865526970001156
1567523200762978.matrix,NON-CONSTANT,OK,0.6525267449997045
1567523200763911.matrix,NON-CONSTANT,OK,0.6100820569999996
1567523200890937.matrix,NON-CONSTANT,OK,0.37323878799998056
1567523200891229.matrix,NON-CONSTANT,OK,0.3691164450001452
1567523200996208.matrix,NON-CONSTANT,OK,0.4010104940002748
1567523200996369.matrix,CONSTANT,OK,0.5181952779998937
1567523201109203.matrix,NON-CONSTANT,OK,0.5297112070002186
1567523201213193.matrix,NON-CONSTANT,OK,0.40244163799980015
1567523201213359.matrix,CONSTANT,OK,0.5072523490002823
1567523201667730.matrix,NON-CONSTANT,OK,14.363735930000075
1567523201844760.matrix,NON-CONSTANT,OK,1.911688832999971
1567523202243167.matrix,NON-CONSTANT,OK,13.63142329900029
1567523202369336.matrix,CONSTANT,OK,1.0368881849999525
1567523202620691.matrix,NON-CONSTANT,OK,0.5243005759998596
1567523203064421.matrix,NON-CONSTANT,OK,0.3989645919996292
1567523203064651.matrix,NON-CONSTANT,OK,0.4675034330002745
1567523203064839.matrix,NON-CONSTANT,OK,0.43214973300018755
1567523203584822.matrix,NON-CONSTANT,OK,0.7472330589998819
1567523203585090.matrix,NON-CONSTANT,OK,0.7153820399998949
1567523203585403.matrix,NON-CONSTANT,OK,0.9444084940000721
1567523203585736.matrix,NON-CONSTANT,OK,1.0385320899999897
1567523203586023.matrix,NON-CONSTANT,OK,0.4512382749999233
1567523203659954.matrix,NON-CONSTANT,OK,5.904879035999784
1567523203861774.matrix,NON-CONSTANT,OK,15.756798502000038
1567523203941721.matrix,NON-CONSTANT,OK,0.840987418000168
1567523206864072.matrix,NON-CONSTANT,OK,0.7338195789998281
1567523206864434.matrix,NON-CONSTANT,OK,0.8101527730000271
1567523213675501.matrix,NON-CONSTANT,OK,0.4120915150001565
1567523214009471.matrix,NON-CONSTANT,OK,0.4654094620000251
1567523214601454.matrix,NON-CONSTANT,OK,0.36485337600015555
1567523217954377.matrix,NON-CONSTANT,OK,0.44556220499998744
1567523219714229.matrix,NON-CONSTANT,OK,0.4470389200000682
1567523219714631.matrix,NON-CONSTANT,OK,0.4978082490001725
1567523220887066.matrix,NON-CONSTANT,OK,0.39097250199984046
1567523221866672.matrix,NON-CONSTANT,OK,0.4006240940002499
1567523222041741.matrix,NON-CONSTANT,OK,0.4111823089997415
1567523283200030.matrix,NON-CONSTANT,OK,0.40498047800019776
1567523284193688.matrix,NON-CONSTANT,OK,0.4156754130003719
1567523284296838.matrix,NON-CONSTANT,OK,0.4035073330001069
1567523287705639.matrix,NON-CONSTANT,OK,1.3804761410001447
1567523287706096.matrix,NON-CONSTANT,OK,0.6894968020001215
1567523287706449.matrix,NON-CONSTANT,OK,0.8122177089999241
1567523288151099.matrix,NON-CONSTANT,OK,0.40537953700004437
1567523288264920.matrix,NON-CONSTANT,OK,0.441152885000065
1567523288924624.matrix,NON-CONSTANT,OK,0.4147468569999546
1567523289137792.matrix,NON-CONSTANT,OK,0.4790046100001746
1567523292105976.matrix,NON-CONSTANT,OK,0.596389869000177
1567523292106427.matrix,NON-CONSTANT,OK,0.649276813999677
1567523292106854.matrix,NON-CONSTANT,OK,1.1710034429997904
1567523313975788.matrix,NON-CONSTANT,OK,0.4112740929999745
1567523313976001.matrix,NON-CONSTANT,OK,0.4726642260002336
1567523313976200.matrix,NON-CONSTANT,OK,0.4299865650000356
1567523314197627.matrix,NON-CONSTANT,OK,0.4384099020003305
1567523314794353.matrix,NON-CONSTANT,OK,0.4094733360002465
1567523315409810.matrix,NON-CONSTANT,OK,0.46708727599980193
1567523317106441.matrix,NON-CONSTANT,OK,0.6552462989998276
1567523341418710.matrix,NON-CONSTANT,OK,0.44257927400030894
1567523341418924.matrix,NON-CONSTANT,OK,0.4073350170001504
1567523342825515.matrix,NON-CONSTANT,OK,0.45595388799983994
1567523342970356.matrix,NON-CONSTANT,OK,0.40048868399981075
1567523343913301.matrix,NON-CONSTANT,OK,0.4437606279998363
1567523344151083.matrix,NON-CONSTANT,OK,0.6720654810001179
1567523344151610.matrix,NON-CONSTANT,OK,0.6779972409999573
1567523344261781.matrix,NON-CONSTANT,OK,0.43916230000013456
1567523347136851.matrix,NON-CONSTANT,OK,0.41118766699992193
1567523347137176.matrix,NON-CONSTANT,OK,0.40297333999978946
1567523347137359.matrix,NON-CONSTANT,OK,0.4198109850003675
1567523347137530.matrix,NON-CONSTANT,OK,0.42468324199990093
1567523347137677.matrix,NON-CONSTANT,OK,0.4148052989999087
1567523350591177.matrix,NON-CONSTANT,OK,0.8058578089999173
1567523350689065.matrix,NON-CONSTANT,OK,0.4157871009997507
1567523352430897.matrix,NON-CONSTANT,OK,0.4412595649996547
1567523352431374.matrix,NON-CONSTANT,OK,0.4588063520000105
1567523361012873.matrix,NON-CONSTANT,OK,0.4232831949998399
1567523361013511.matrix,NON-CONSTANT,OK,0.4651998620001905
1567523361013677.matrix,NON-CONSTANT,OK,0.4659109439999156
1567523361013845.matrix,NON-CONSTANT,OK,0.44572776800032443
1567523361014019.matrix,NON-CONSTANT,OK,0.4565514229998371
1567523361014190.matrix,NON-CONSTANT,OK,0.45598589100018216
1567523361014364.matrix,NON-CONSTANT,OK,0.44807419500011747
1567523361014536.matrix,NON-CONSTANT,OK,0.4354880629998661
1567523361014707.matrix,NON-CONSTANT,OK,0.43813440100029766
1567523361015034.matrix,NON-CONSTANT,OK,0.41834451599970635
1567523361015365.matrix,NON-CONSTANT,OK,0.4402469579999888
1567523361015523.matrix,NON-CONSTANT,OK,0.4221310579996498
1567523361015677.matrix,NON-CONSTANT,OK,0.4368839859998843
1567523361015995.matrix,NON-CONSTANT,OK,0.4372512859999915
1567523361016153.matrix,NON-CONSTANT,OK,0.4185409759998038
1567523361016313.matrix,NON-CONSTANT,OK,0.4330656319998525
1567523361017320.matrix,NON-CONSTANT,OK,0.41916723700023795
1567523361018126.matrix,NON-CONSTANT,OK,0.43184194799960096
1567523361018289.matrix,NON-CONSTANT,OK,0.4365173629998935
1567523361019276.matrix,NON-CONSTANT,OK,0.4000585429998864
1567523361019745.matrix,NON-CONSTANT,OK,0.4246552340000562
1567523361020224.matrix,NON-CONSTANT,OK,0.43294001000003846
1567523361020568.matrix,NON-CONSTANT,OK,0.4363519409998844
1567523361021038.matrix,NON-CONSTANT,OK,0.4214153919997443
1567523361021192.matrix,NON-CONSTANT,OK,0.4523221330000524
1567523361021374.matrix,NON-CONSTANT,OK,0.45055249699998967
1567523361021688.matrix,NON-CONSTANT,OK,0.4379272350001884
1567523361021845.matrix,NON-CONSTANT,OK,0.41518337099978453
1567523361022173.matrix,NON-CONSTANT,OK,0.439890251000179
1567523361022514.matrix,NON-CONSTANT,OK,0.45288491300016176
1567523361022816.matrix,NON-CONSTANT,OK,0.41457685799969113
1567523361022958.matrix,NON-CONSTANT,OK,0.41483091800000693
1567523361023100.matrix,NON-CONSTANT,OK,0.4169278940003096
1567523361023535.matrix,NON-CONSTANT,OK,0.42753173900018737
1567523361023676.matrix,NON-CONSTANT,OK,0.4252103310000166
1567523361023959.matrix,NON-CONSTANT,OK,0.4183778690003237
1567523361024535.matrix,NON-CONSTANT,OK,0.4275261280004088
1567523361024677.matrix,NON-CONSTANT,OK,0.4194501320002928
1567523361024818.matrix,NON-CONSTANT,OK,0.4208118649999051
1567523361025101.matrix,NON-CONSTANT,OK,0.4256597119997423
1567523361025242.matrix,NON-CONSTANT,OK,0.4410620009998638
1567523361025547.matrix,NON-CONSTANT,OK,0.44857207599989124
1567523361026565.matrix,NON-CONSTANT,OK,0.46980055399990306
1567523361027570.matrix,NON-CONSTANT,OK,0.4468224590000318
1567523361027736.matrix,NON-CONSTANT,OK,0.45248775700019905
1567523361027904.matrix,NON-CONSTANT,OK,0.45269674699966345
1567523361028398.matrix,NON-CONSTANT,OK,0.42684573299993644
1567523361028976.matrix,NON-CONSTANT,OK,0.4066949670000213
1567523361029414.matrix,NON-CONSTANT,OK,0.44043098600013764
1567523361029700.matrix,NON-CONSTANT,OK,0.4507798009999533
1567523361029844.matrix,NON-CONSTANT,OK,0.42522628599999734
1567523361030132.matrix,NON-CONSTANT,OK,0.440733377000015
1567523361030282.matrix,NON-CONSTANT,OK,0.4368818640000427
1567523361030576.matrix,NON-CONSTANT,OK,0.4136776179998378
1567523361030719.matrix,NON-CONSTANT,OK,0.42113897200033534
1567523361030864.matrix,NON-CONSTANT,OK,0.4186352940000688
1567523361031006.matrix,NON-CONSTANT,OK,0.44091815599995243
1567523361031298.matrix,NON-CONSTANT,OK,0.41369993699981933
1567523374926102.matrix,NON-CONSTANT,OK,0.44516503899967574
1567523374927073.matrix,NON-CONSTANT,OK,0.40794031800032826
1567523381983722.matrix,NON-CONSTANT,OK,0.8131244960000004
1567523381984110.matrix,NON-CONSTANT,OK,0.6344990929997039
1567523382270343.matrix,NON-CONSTANT,OK,0.5785266720004074
1567523386466410.matrix,NON-CONSTANT,OK,0.4046088649997728
1567523386466592.matrix,NON-CONSTANT,OK,0.3975449520003167
1567523387547608.matrix,NON-CONSTANT,OK,0.5741941159999442
1567523500310531.matrix,NON-CONSTANT,OK,0.9715160959999594
1567523500311459.matrix,NON-CONSTANT,OK,0.8733080649999465
1567523500312631.matrix,NON-CONSTANT,OK,0.8857646250003199
1567523500312974.matrix,NON-CONSTANT,OK,0.6878720419999809
1567523501979887.matrix,NON-CONSTANT,OK,0.4077771320003194
1567523502432970.matrix,NON-CONSTANT,OK,0.35845939299997553
1567523506450329.matrix,NON-CONSTANT,OK,0.6330926319997161
1567523517575175.matrix,NON-CONSTANT,OK,0.4206036639998274
1567523517575400.matrix,NON-CONSTANT,OK,0.38407303399981174
1567523517575587.matrix,NON-CONSTANT,OK,0.41357825999966735
1567523517994563.matrix,NON-CONSTANT,OK,0.3917926690000968
1567523519726643.matrix,NON-CONSTANT,OK,0.7533680189999359
1567523519727017.matrix,NON-CONSTANT,OK,0.5406249309999112
1567523520248717.matrix,NON-CONSTANT,OK,0.3667292569998608
1567523580835745.matrix,NON-CONSTANT,OK,0.41187215299987656
1567523580835965.matrix,NON-CONSTANT,OK,0.3914127859998189
1567523580964866.matrix,NON-CONSTANT,OK,0.42742661300007967
1567523590518842.matrix,NON-CONSTANT,OK,0.4326460289998977
1567523590520146.matrix,NON-CONSTANT,OK,0.4148854019999817
1567523590520347.matrix,NON-CONSTANT,OK,0.40768692799974815
1567523590520703.matrix,NON-CONSTANT,OK,0.427214800999991
1567523591382158.matrix,NON-CONSTANT,OK,0.42938185799994244
1567523591382486.matrix,NON-CONSTANT,OK,0.4447160170002462
1567523591382829.matrix,NON-CONSTANT,OK,0.4493057019999469
1567523591501172.matrix,NON-CONSTANT,OK,1.2135534379999626
1567523591659813.matrix,NON-CONSTANT,OK,0.47925676700015174
1567523592420727.matrix,NON-CONSTANT,OK,0.43934378799986007
1567523592858983.matrix,NON-CONSTANT,OK,0.40016957100033324
1567523601844972.matrix,NON-CONSTANT,OK,0.6055994839998675
1567523601845227.matrix,NON-CONSTANT,OK,0.5870552829996996
1567523601980490.matrix,NON-CONSTANT,OK,0.4335242480001398
1567523601980704.matrix,NON-CONSTANT,OK,0.4457707169999594
1567523602627169.matrix,NON-CONSTANT,OK,0.3963375369999085
1567523606080906.matrix,NON-CONSTANT,OK,0.4531948199996805
1567523666660981.matrix,NON-CONSTANT,OK,0.5185457600000518
1567523666661373.matrix,NON-CONSTANT,OK,0.4119315870002538
1567523672656350.matrix,NON-CONSTANT,OK,0.43578281300005983
1567523675491856.matrix,NON-CONSTANT,OK,0.43469746999971903
1567523676044068.matrix,NON-CONSTANT,OK,0.5221653409998908
1567523676044591.matrix,NON-CONSTANT,OK,0.8125342640000781
1567523676045080.matrix,NON-CONSTANT,OK,0.4718141979997199
1567523701046877.matrix,NON-CONSTANT,OK,0.41960994900000514
1567523701252337.matrix,NON-CONSTANT,OK,0.4295388909999929
1567523794631224.matrix,NON-CONSTANT,OK,0.4013169199997719
1567523797759596.matrix,NON-CONSTANT,OK,0.4417526199999884
1567523814674951.matrix,NON-CONSTANT,OK,0.4067614370001138
1567523814904581.matrix,NON-CONSTANT,OK,0.4179197430003114
1567523814904754.matrix,NON-CONSTANT,OK,0.43486260700001367
1567523817497067.matrix,NON-CONSTANT,OK,0.41145251099987945
1567523817497429.matrix,NON-CONSTANT,OK,0.4098695659999976
1567523819855940.matrix,NON-CONSTANT,OK,0.37564031600004455
1567523821279529.matrix,NON-CONSTANT,OK,0.5201590500000748
1567523821552297.matrix,NON-CONSTANT,OK,0.362102491999849
1567523821552515.matrix,NON-CONSTANT,OK,0.36318514499998855
1567523821552665.matrix,NON-CONSTANT,OK,0.3828810690001774
1567523822561061.matrix,NON-CONSTANT,OK,0.4456319790001544
1567523825454203.matrix,NON-CONSTANT,OK,0.3971364740000354
1567523825454423.matrix,NON-CONSTANT,OK,0.39733369400028096
1567523825454564.matrix,NON-CONSTANT,OK,0.41919307399984973
1567523826293483.matrix,NON-CONSTANT,OK,0.44301237999980003
1567523827030171.matrix,NON-CONSTANT,OK,0.5208584090000841
1567523828279094.matrix,NON-CONSTANT,OK,0.3838366289996884
1567523828279349.matrix,NON-CONSTANT,OK,0.3829050070003177
1567523828438172.matrix,NON-CONSTANT,OK,0.4099144530000558
1567523840004935.matrix,NON-CONSTANT,OK,0.4178477179998481
1567523841439365.matrix,NON-CONSTANT,OK,0.3713971090000996
1567523841439576.matrix,NON-CONSTANT,OK,0.38275349500008815
1567523841825015.matrix,NON-CONSTANT,OK,0.4060530800002198
1567523841970850.matrix,CONSTANT,OK,0.5991258970002491
1567523902595348.matrix,NON-CONSTANT,OK,0.4208546960003332
1567523913201667.matrix,NON-CONSTANT,OK,0.42090588599967305
1567523913202122.matrix,NON-CONSTANT,OK,0.44139271199992436
1567523913202854.matrix,NON-CONSTANT,OK,0.44042617800005246
1567523913203070.matrix,NON-CONSTANT,OK,0.45521130500037543
1567523913203438.matrix,NON-CONSTANT,OK,0.4431630160001987
1567523913203638.matrix,NON-CONSTANT,OK,0.44771427100022265
1567523913203836.matrix,NON-CONSTANT,OK,0.43856159999995725
1567523913204013.matrix,NON-CONSTANT,OK,0.4303754640000079
1567523913204181.matrix,NON-CONSTANT,OK,0.4580347119999715
1567523913204385.matrix,NON-CONSTANT,OK,0.4753437570002461
1567523913205077.matrix,NON-CONSTANT,OK,0.4663420289998612
1567523913206162.matrix,NON-CONSTANT,OK,0.43264993000002505
1567523913206336.matrix,NON-CONSTANT,OK,0.43771636700012095
1567523913206652.matrix,NON-CONSTANT,OK,0.4344562760002191
1567523913206822.matrix,NON-CONSTANT,OK,0.4333834020003451
1567523913207143.matrix,NON-CONSTANT,OK,0.4558181530001093
1567523913207464.matrix,NON-CONSTANT,OK,0.46139713100001245
1567523913207808.matrix,NON-CONSTANT,OK,0.43709633299977213
1567523913208305.matrix,NON-CONSTANT,OK,0.4118830530001105
1567523913208939.matrix,NON-CONSTANT,OK,0.4114947010002652
1567523913209265.matrix,NON-CONSTANT,OK,0.40034902499974123
1567523913210398.matrix,NON-CONSTANT,OK,0.43662834999986444
1567523913212040.matrix,NON-CONSTANT,OK,0.4168925879998824
1567523913212366.matrix,NON-CONSTANT,OK,0.4248860020002212
1567523913212544.matrix,NON-CONSTANT,OK,0.4370772410002246
1567523913212897.matrix,NON-CONSTANT,OK,0.4444870339998488
1567523913213305.matrix,NON-CONSTANT,OK,0.434615962999942
1567523913213534.matrix,NON-CONSTANT,OK,0.42667267700016964
1567523913213714.matrix,NON-CONSTANT,OK,0.419195302999924
1567523913214037.matrix,NON-CONSTANT,OK,0.4239242779999586
1567523913214213.matrix,NON-CONSTANT,OK,0.41912648300012734
1567523913215523.matrix,NON-CONSTANT,OK,0.45115411400001904
1567523913215692.matrix,NON-CONSTANT,OK,0.44978796900022644
1567523913215860.matrix,NON-CONSTANT,OK,0.46916844099996524
1567523913216027.matrix,NON-CONSTANT,OK,0.46660458199994537
1567523913216191.matrix,NON-CONSTANT,OK,0.4441777000001821
1567523913216368.matrix,NON-CONSTANT,OK,0.44503136299999824
1567523913216707.matrix,NON-CONSTANT,OK,0.4478333110000676
1567523913216873.matrix,NON-CONSTANT,OK,0.47264438000001974
1567523913217040.matrix,NON-CONSTANT,OK,0.4449887820001095
1567523913217209.matrix,NON-CONSTANT,OK,0.4477332110000134
1567523913218514.matrix,NON-CONSTANT,OK,0.4418222809999861
1567523913218803.matrix,NON-CONSTANT,OK,0.4161180199998853
1567523913221421.matrix,NON-CONSTANT,OK,0.43942131399990103
1567523947175725.matrix,NON-CONSTANT,OK,0.5851159250000819
1567523949693153.matrix,NON-CONSTANT,OK,0.3844300480000129
1567523954788670.matrix,NON-CONSTANT,OK,0.5594245120000778
1567523955762709.matrix,NON-CONSTANT,OK,0.5467363630000364
1567523958875428.matrix,NON-CONSTANT,OK,0.41020969900000637
1567523961185752.matrix,NON-CONSTANT,OK,0.5231577170002311
1567523961185910.matrix,NON-CONSTANT,OK,0.5127599040001769
1567523964315563.matrix,NON-CONSTANT,OK,0.3734668519996376
1567523966641800.matrix,NON-CONSTANT,OK,0.41913955700010774
1567523966641967.matrix,NON-CONSTANT,OK,0.4413552660003006
1567523966909957.matrix,NON-CONSTANT,OK,0.3955923720000101
1567523967505656.matrix,NON-CONSTANT,OK,0.445461898999838
1567523971070903.matrix,NON-CONSTANT,OK,0.5515982450001502
1567523971071257.matrix,NON-CONSTANT,OK,0.387622674999875
1567523971071606.matrix,NON-CONSTANT,OK,0.4047248090000721
1567523986823953.matrix,NON-CONSTANT,OK,0.4204761390001295
1567523986964998.matrix,NON-CONSTANT,OK,0.39871502999994846
1567523987596870.matrix,NON-CONSTANT,OK,0.7453336350004065
1567523987597235.matrix,NON-CONSTANT,OK,0.7581722150002861
1567523988093598.matrix,NON-CONSTANT,OK,0.3714861429998564
1567523991577652.matrix,NON-CONSTANT,OK,0.43104318099995
1567524005231086.matrix,NON-CONSTANT,OK,0.37770953200015356
1567524009077722.matrix,NON-CONSTANT,OK,0.7359473430001344
1567524009078133.matrix,NON-CONSTANT,OK,0.7655952949999119
1567524009078477.matrix,NON-CONSTANT,OK,0.857007842999792
1567524083784174.matrix,NON-CONSTANT,OK,0.44565177499998754
1567524083784380.matrix,NON-CONSTANT,OK,0.42626433299983546
1567524083909320.matrix,NON-CONSTANT,OK,0.6419973239999308
1567524087485460.matrix,NON-CONSTANT,OK,0.6392749540000295
1567524088059019.matrix,NON-CONSTANT,OK,0.5747725999999602
1567524088059410.matrix,NON-CONSTANT,OK,0.4245526569998219
1567524088059702.matrix,NON-CONSTANT,OK,0.5347972039999149
1567524088947323.matrix,NON-CONSTANT,OK,0.6518438319999404
1567524090826557.matrix,NON-CONSTANT,OK,0.5710077570001886
1567524093802819.matrix,NON-CONSTANT,OK,0.5749479479995898
1567524103641981.matrix,NON-CONSTANT,OK,0.5995882449997225
1567524112003507.matrix,NON-CONSTANT,OK,0.39867272399987996
1567524112414800.matrix,NON-CONSTANT,OK,0.4107713909997983
1567524112668011.matrix,NON-CONSTANT,OK,0.5652468260000205
1567524112668356.matrix,NON-CONSTANT,OK,0.5171553250002034
1567524173237133.matrix,NON-CONSTANT,OK,0.4110952220003128
1567524210739516.matrix,NON-CONSTANT,OK,0.4282341860002816
1567524210741064.matrix,NON-CONSTANT,OK,0.4282511749997866
1567524210741277.matrix,NON-CONSTANT,OK,0.4034728870001345
1567524219842557.matrix,NON-CONSTANT,OK,0.4054599529999905
1567524236684854.matrix,NON-CONSTANT,OK,0.57623939899986
1567524236685087.matrix,NON-CONSTANT,OK,0.5974179149998236
1567524236687790.matrix,NON-CONSTANT,OK,0.5363028619999568
1567524236687953.matrix,NON-CONSTANT,OK,0.5146438350002427
1567524238305808.matrix,NON-CONSTANT,OK,0.3962046219999138
1567524241845258.matrix,NON-CONSTANT,OK,0.4723646410002402
1567524241845594.matrix,NON-CONSTANT,OK,0.4784646400003112
1567524245570410.matrix,NON-CONSTANT,OK,0.47427781599981245
1567524245570724.matrix,NON-CONSTANT,OK,0.5279662849998203
1567524246371939.matrix,NON-CONSTANT,OK,0.3785060059999523
1567524246372127.matrix,NON-CONSTANT,OK,0.39534340799991696
1567524246372477.matrix,NON-CONSTANT,OK,0.3697421580000082
1567524246372665.matrix,NON-CONSTANT,OK,0.3892717190001349
1567524251796732.matrix,NON-CONSTANT,OK,0.6578528299996833
1567524315761911.matrix,NON-CONSTANT,OK,0.45977284899981896
1567524321037687.matrix,NON-CONSTANT,OK,0.40738239500024065
1567524321050593.matrix,NON-CONSTANT,OK,0.4047869669998363
1567524327433371.matrix,NON-CONSTANT,OK,0.666762295999888
1567524327433615.matrix,NON-CONSTANT,OK,0.48363315200003854
1567524327880816.matrix,NON-CONSTANT,OK,0.4351123309998002
1567524442820641.matrix,NON-CONSTANT,OK,0.3865892089997942
1567524442970372.matrix,NON-CONSTANT,OK,0.4302672349999739
1567524446802201.matrix,NON-CONSTANT,OK,1.1020491340000262
1567524446802639.matrix,NON-CONSTANT,OK,0.6650638669998443
1567524450869218.matrix,NON-CONSTANT,OK,0.6257976440001585
1567524451740896.matrix,NON-CONSTANT,OK,0.3783437919996686
1567524451741215.matrix,NON-CONSTANT,OK,0.3901008279999587
1567524459623673.matrix,NON-CONSTANT,OK,0.4934101690000716
1567524466945020.matrix,NON-CONSTANT,OK,0.5129230299999108
1567524466945515.matrix,NON-CONSTANT,OK,0.5407969469997624
1567524466945855.matrix,NON-CONSTANT,OK,0.7041407270003219
1567524466946367.matrix,NON-CONSTANT,OK,0.5164260999999897
1567524466946637.matrix,NON-CONSTANT,OK,0.49483400300005087
1567524466946893.matrix,NON-CONSTANT,OK,0.6635617980000461
1567524468440325.matrix,NON-CONSTANT,OK,0.5056869760001064
1567524468440692.matrix,NON-CONSTANT,OK,0.5309999739997693
1567524469120552.matrix,NON-CONSTANT,OK,0.562130930999956
1567524469120758.matrix,NON-CONSTANT,OK,0.5924666850000904
1567524476868780.matrix,NON-CONSTANT,OK,0.508790694000254
1567524476869150.matrix,NON-CONSTANT,OK,0.45095415300011155
1567524483195603.matrix,NON-CONSTANT,OK,0.8799412580001444
1567524483196090.matrix,NON-CONSTANT,OK,0.7333163210000748
1567524483196492.matrix,NON-CONSTANT,OK,0.8648200190000352
1567524483196794.matrix,NON-CONSTANT,OK,0.6787025399999038
1567524553542388.matrix,NON-CONSTANT,OK,0.7553315069999371
1567524555297223.matrix,NON-CONSTANT,OK,0.440591908999977
1567524559937614.matrix,NON-CONSTANT,OK,0.43357502700018813
1567524559937810.matrix,NON-CONSTANT,OK,0.4159545419997812
1567524561902048.matrix,NON-CONSTANT,OK,0.7074033969997799
1567524562079570.matrix,NON-CONSTANT,OK,2.4744274179997774
1567524570377106.matrix,NON-CONSTANT,OK,0.419880701999773
1567524578301747.matrix,NON-CONSTANT,OK,0.418098075999751
1567524578958910.matrix,NON-CONSTANT,OK,0.5319040589997712
1567524578959387.matrix,NON-CONSTANT,OK,0.3704965379997702
1567524580545188.matrix,NON-CONSTANT,OK,0.6740455989997827
1567524580545505.matrix,NON-CONSTANT,OK,0.6142761430000974
1567524590755239.matrix,NON-CONSTANT,OK,0.40969673900008274
1567524591912648.matrix,NON-CONSTANT,OK,0.4285172570002942
1567524593804959.matrix,NON-CONSTANT,OK,0.49817636300031154
1567524606096999.matrix,NON-CONSTANT,OK,0.3960431359996619
1567524606248100.matrix,NON-CONSTANT,OK,0.42190463599990835
1567524624179784.matrix,NON-CONSTANT,OK,0.4481665170001179
1567524624182178.matrix,NON-CONSTANT,OK,0.43436868399976447
1567524624610959.matrix,NON-CONSTANT,OK,0.39469711100036875
1567524624721145.matrix,NON-CONSTANT,OK,0.38771021899992775
1567524701086645.matrix,NON-CONSTANT,OK,0.4476469950000137
1567524701086888.matrix,NON-CONSTANT,OK,0.4554747679999309
1567524705181357.matrix,NON-CONSTANT,OK,0.5043440590002319
1567524706369592.matrix,NON-CONSTANT,OK,0.39566646299999775
1567524711718849.matrix,NON-CONSTANT,OK,0.5157511630000045
1567524711719067.matrix,NON-CONSTANT,OK,0.4058264639998015
1567524718665094.matrix,NON-CONSTANT,OK,0.4027118839999275
1567524718813249.matrix,NON-CONSTANT,OK,0.437063911000223
1567524719086045.matrix,NON-CONSTANT,OK,0.41171330100041814
1567524719980617.matrix,NON-CONSTANT,OK,0.5050602389997039
1567524719981019.matrix,NON-CONSTANT,OK,0.39726025600020876
1567524719981186.matrix,NON-CONSTANT,OK,0.41809376999981396
1567524720618924.matrix,NON-CONSTANT,OK,0.7764653550002549
1567524720619389.matrix,NON-CONSTANT,OK,0.7807214280001062
1567524723300475.matrix,NON-CONSTANT,OK,0.4172845870002675
1567524726038172.matrix,NON-CONSTANT,OK,0.7740662470000643
1567524726038866.matrix,NON-CONSTANT,OK,0.7626487610000368
1567524729687924.matrix,NON-CONSTANT,OK,0.4090797700000621
1567524730888781.matrix,NON-CONSTANT,OK,0.46542810500022824
1567524730889388.matrix,NON-CONSTANT,OK,0.44113700899970354
1567524737299849.matrix,NON-CONSTANT,OK,0.4336374650001744
1567524818961212.matrix,NON-CONSTANT,OK,0.40805307699974946
1567524820513174.matrix,NON-CONSTANT,OK,0.44290274400009366
1567524820513635.matrix,NON-CONSTANT,OK,1.0146695329999602
1567524820514123.matrix,NON-CONSTANT,OK,1.0141383099999075
1567524851476868.matrix,NON-CONSTANT,OK,0.6303766179999002
1567524864698874.matrix,NON-CONSTANT,OK,0.5413310650001222
1567524864699109.matrix,NON-CONSTANT,OK,0.5394334789998538
1567524864951052.matrix,NON-CONSTANT,OK,0.45893977100013217
1567524866564978.matrix,NON-CONSTANT,OK,0.5529507689998354
1567524866565377.matrix,NON-CONSTANT,OK,0.5858121599999322
1567524872133576.matrix,NON-CONSTANT,OK,0.48709472600012305
1567524872134019.matrix,NON-CONSTANT,OK,0.47123528800011627
1567524872319182.matrix,NON-CONSTANT,OK,0.40670461900026567
1567524881206977.matrix,NON-CONSTANT,OK,0.4659499300000789
1567524886214597.matrix,NON-CONSTANT,OK,0.679938366999977
1567524886898126.matrix,NON-CONSTANT,OK,0.4210147520002465
1567524892181088.matrix,NON-CONSTANT,OK,0.3981190020003851
1567524897137433.matrix,NON-CONSTANT,OK,0.5731425879998824
1567524897598515.matrix,NON-CONSTANT,OK,0.4034672180000598
1567524913381019.matrix,NON-CONSTANT,OK,0.4591762079999171
1567524973525891.matrix,NON-CONSTANT,OK,0.44612023799982126
1567524974460858.matrix,NON-CONSTANT,OK,1.0214043809996838
1567524974587881.matrix,NON-CONSTANT,OK,0.4294849460002297
1567525097837663.matrix,NON-CONSTANT,OK,0.3774435169998469
1567525103675509.matrix,NON-CONSTANT,OK,0.40473586000007344
1567525105590361.matrix,NON-CONSTANT,OK,0.7910047119999035
1567525113160830.matrix,NON-CONSTANT,OK,0.4182323410000208
1567525116160625.matrix,NON-CONSTANT,OK,0.41311194499985504
1567525119498172.matrix,NON-CONSTANT,OK,0.40777135799999087
1567525125420093.matrix,NON-CONSTANT,OK,0.8539839640002356
1567525125420499.matrix,NON-CONSTANT,OK,0.82065792100002
1567525125420853.matrix,NON-CONSTANT,OK,0.7949153810000098
1567525125571199.matrix,NON-CONSTANT,OK,0.4216739690000395
1567525127186599.matrix,NON-CONSTANT,OK,0.631204770000295
1567525128525758.matrix,NON-CONSTANT,OK,0.3946519160003845
1567525130926180.matrix,NON-CONSTANT,OK,0.5728871709998202
1567525134131383.matrix,NON-CONSTANT,OK,0.7495055300000786
1567525134140737.matrix,NON-CONSTANT,OK,0.7289924669998982
1567525134141912.matrix,NON-CONSTANT,OK,0.8792827840002246
1567525135209618.matrix,NON-CONSTANT,OK,0.48098744900016754
1567525135835224.matrix,NON-CONSTANT,OK,0.4522110499997325
1567525136789418.matrix,NON-CONSTANT,OK,0.38255848700009665
1567525136943123.matrix,CONSTANT,OK,0.4966567859996758
1567525137568332.matrix,NON-CONSTANT,OK,0.45886723900002835
1567525139572978.matrix,NON-CONSTANT,OK,0.38002670000014405
1567525139573432.matrix,NON-CONSTANT,OK,0.41607004799971037
1567525141846434.matrix,NON-CONSTANT,OK,0.41113158300004216
1567525143459540.matrix,NON-CONSTANT,OK,0.5407807990000038
1567525144428881.matrix,NON-CONSTANT,OK,0.5214089589999276
1567525207812368.matrix,NON-CONSTANT,OK,0.41707636099999945
1567525207812987.matrix,NON-CONSTANT,OK,0.41895259700004317
1567525207813164.matrix,NON-CONSTANT,OK,0.4271565709996139
1567525214272561.matrix,NON-CONSTANT,OK,0.40298396699972727
1567525214272710.matrix,NON-CONSTANT,OK,0.3896436370000629
1567525214273150.matrix,NON-CONSTANT,OK,0.4051177829996959
1567525218370815.matrix,NON-CONSTANT,OK,0.7212001249999958
1567525218371186.matrix,NON-CONSTANT,OK,0.6915806950000842
1567525218371667.matrix,NON-CONSTANT,OK,1.317380458000116
1567525229691854.matrix,NON-CONSTANT,OK,0.40720562800015614
1567525229823052.matrix,NON-CONSTANT,OK,1.0874687969999286
1567525238672815.matrix,NON-CONSTANT,OK,0.7230874169999879
1567525238673204.matrix,NON-CONSTANT,OK,0.5828842820001228
1567525240610784.matrix,NON-CONSTANT,OK,0.6172427149999749
1567525248302494.matrix,NON-CONSTANT,OK,0.4189878430001954
1567525310508712.matrix,NON-CONSTANT,OK,0.4782139220001227
1567525310509176.matrix,NON-CONSTANT,OK,0.44112635900000896
1567525310509744.matrix,NON-CONSTANT,OK,0.40396928599966486
1567525312095282.matrix,NON-CONSTANT,OK,0.5092053160001342
1567525313948302.matrix,NON-CONSTANT,OK,0.7985266929999852
1567525313949019.matrix,NON-CONSTANT,OK,0.4450756999999612
1567525313949428.matrix,NON-CONSTANT,OK,0.8394101359999695
1567525313950001.matrix,NON-CONSTANT,OK,0.5662354559999585
1567525318524966.matrix,NON-CONSTANT,OK,0.4143623260001732
1567525319818029.matrix,NON-CONSTANT,OK,0.4280634880001344
1567525321571339.matrix,NON-CONSTANT,OK,0.40635768099991765
1567525327101873.matrix,NON-CONSTANT,OK,0.39653756200004864
1567525327760504.matrix,NON-CONSTANT,OK,0.37760506399990845
1567525327760732.matrix,NON-CONSTANT,OK,0.375925998999719
1567525328800563.matrix,NON-CONSTANT,OK,0.8796485249999932
1567525329419754.matrix,NON-CONSTANT,OK,0.38576023799987524
1567525334518260.matrix,NON-CONSTANT,OK,0.7853070869996372
1567525334518864.matrix,NON-CONSTANT,OK,0.6040956589999951
1567525335150330.matrix,NON-CONSTANT,OK,0.3787603959999615
1567525335150569.matrix,NON-CONSTANT,OK,0.38049991099978797
1567525335885220.matrix,NON-CONSTANT,OK,0.3939891519999037
1567525336765908.matrix,NON-CONSTANT,OK,1.026366224999947
1567525336766414.matrix,NON-CONSTANT,OK,1.0110663659997954
1567525349029651.matrix,NON-CONSTANT,OK,0.448563895999996
1567525349029961.matrix,NON-CONSTANT,OK,0.7546588410000368
1567525349030214.matrix,NON-CONSTANT,OK,0.5141951730001892
1567525351348487.matrix,NON-CONSTANT,OK,0.42024784899967926
1567525351358166.matrix,NON-CONSTANT,OK,0.4372056199999861
1567525352600955.matrix,NON-CONSTANT,OK,0.4118052139997417
1567525361988375.matrix,NON-CONSTANT,OK,0.4785382949999075
1567525365096575.matrix,NON-CONSTANT,OK,0.4647629330002019
1567525365608414.matrix,NON-CONSTANT,OK,0.45987253800012695
1567525369400202.matrix,NON-CONSTANT,OK,0.4446774319999349
1567525370752694.matrix,NON-CONSTANT,OK,0.5464072179997856
1567525370753068.matrix,NON-CONSTANT,OK,0.7219497070000216
1567581737696853.matrix,NON-CONSTANT,OK,2.8802631529997598
1567581761585409.matrix,NON-CONSTANT,OK,4.728353772999981
1567581772625284.matrix,NON-CONSTANT,OK,2.3134942149999915
1567581814848372.matrix,NON-CONSTANT,OK,2.273143719000018
1567581828608238.matrix,NON-CONSTANT,OK,2.2999230630002785
1567582181207449.matrix,NON-CONSTANT,OK,2.312456624999868
